prueba,caso,rep,modo,dir,cca,punto,rate_mbit,qdisc,ruido_dB,goodput_mbps,throughput_cliente_mbps,rtt_muestras,rtt_media_ms,rtt_mediana_ms,rtt_p95_ms,rtt_min_ms,rtt_max_ms,rtt_desv_ms,ce_entregadas,retransmisiones,rlc_cola_kB_media,rlc_cola_kB_max,rlc_hol_ms_media,rlc_hol_ms_p95,rlc_en_vuelo_media,rlc_estancia_ms_media,rlc_estancia_ms_max,rlc_pdu_tx,rlc_pdu_retx,rlc_descartes_buffer,l4s_paquetes,l4s_marcas,l4s_marcas_pct,rlc_retx_pct,umbral_us,ping_reposo_media_ms,ping_reposo_mediana_ms,ping_reposo_p95_ms,ping_reposo_perdidas_pct,ping_clasico_media_ms,ping_clasico_mediana_ms,ping_clasico_p95_ms,ping_clasico_perdidas_pct,ping_l4s_media_ms,ping_l4s_mediana_ms,ping_l4s_p95_ms,ping_l4s_perdidas_pct,harq_retx_dl_pct,harq_perdidos_dl,harq_retx_ul_pct,harq_perdidos_ul,ph_ul_db,pacing_tarde_pct,pacing_max_ms,pacing_reanclajes,bler_dl,mcs_dl,bler_ul,mcs_ul,nprb_ul,snr_ul_db,sinr_db,rsrp_dbm,factor_escala,rtt_media_corregida_ms
p001_dl_r20_cubic_rep07,dl_r20_cubic,7,rt,downlink,cubic,ninguno,0,ninguno,-20,17.4000,17.4000,80,938.2486,933.4105,1209.1550,603.6580,1354.9800,145.4759,0,1138,1919.0589,3196.4320,821.8428,1169.2612,27.1496,921.9460,1373.0940,117691,0,0,434,0,0.0000,0.0000,0,12.0853,12.6500,15.8000,0.0000,904.1288,919.0000,1199.7500,0.1613,904.4164,920.0000,1200.0000,0.1613,0.0000,0,0.0000,0,49.8077,0.9875,5.4000,0,0.0000,27.1538,0.0000,28,6.0385,22.7635,39.3577,-36.0000,1.0000,938.2442
p002_dl_r15_prague_marc_rep01,dl_r15_prague_marc,1,rt,downlink,prague,ninguno,0,ninguno,-15,17.0000,17.0000,76,18.7950,18.5065,24.2797,14.3480,27.0850,2.6928,7621,0,48.3592,105.3680,5.1541,10.7728,24.8186,5.9619,18.5670,111626,0,0,61891,5373,8.6814,0.0000,10000,12.1820,11.6500,16.9100,0.0000,20.2569,20.3000,28.6000,0.0000,19.8695,19.8000,28.6000,0.0000,0.0000,0,0.0000,0,50.3137,0.8233,10.3000,0,0.0000,26.7843,0.0000,28,6.5490,23.1333,30.3725,-36.0000,1.0000,18.7949
p003_dl_r10_cubic_rep03,dl_r10_cubic,3,rt,downlink,cubic,ninguno,0,ninguno,-10,13.9000,13.9000,81,1319.7270,1377.9500,1701.6900,483.8830,1857.2600,275.7587,0,1846,2172.7246,3501.7520,1186.8513,1677.9191,25.9516,1301.6799,1858.3280,102206,0,0,439,0,0.0000,0.0000,0,12.2857,12.1500,16.7000,0.0000,1277.2253,1355.0000,1705.4000,0.0000,1275.6062,1346.0000,1721.2000,0.0000,5.3113,0,0.0000,0,49.5098,0.9557,4.3000,0,0.1062,24.2157,0.0000,28,8.1176,22.5745,20.0804,-35.6078,1.0000,1319.7239
p004_dl_r02_cubic_rep01,dl_r02_cubic,1,rt,downlink,cubic,ninguno,0,ninguno,-2,2.3500,2.3500,81,9901.5019,10885.4000,13028.1000,4581.2000,13472.8000,2522.9789,0,47,2633.8748,4114.8720,8908.1293,13111.2394,7.6505,9662.8139,13463.9220,63233,1,0,466,0,0.0000,0.0016,0,12.1433,11.8500,16.9550,0.0000,9299.3290,10567.0000,13145.4000,0.0000,9293.5312,10567.0000,13132.8000,0.0000,5.6733,0,0.0000,0,48.0741,0.8943,6.4000,0,0.1058,5.2778,0.0000,28,5.1667,22.3722,4.5889,-34.0741,1.0000,9901.5173
p005_dl_r02_prague_marc_rep03,dl_r02_prague_marc,3,rt,downlink,prague,ninguno,0,ninguno,-2,2.2700,2.2700,77,28.3152,27.1620,36.6508,19.0390,51.5290,5.3752,4826,1,11.9268,36.2720,10.9431,24.9191,6.8502,9.3485,42.4710,56007,2,0,8490,3538,41.6726,0.0036,10000,13.2580,13.8000,16.9000,0.0000,28.0751,27.8000,46.0000,0.0000,29.6603,29.2000,46.4000,0.0000,5.7434,0,0.0000,0,48.5600,1.5850,80.0000,0,0.1035,5.2600,0.0000,28,6.5400,22.4300,4.3340,-34.0400,1.0000,28.3152
p006_dl_r50_prague_sin_rep10,dl_r50_prague_sin,10,rt,downlink,prague,ninguno,0,ninguno,-50,17.3000,17.3000,78,935.8518,932.8610,1016.6650,850.4890,1034.1200,51.6540,0,0,1980.1155,2459.2960,845.4599,1010.7134,24.5450,929.4480,1034.7150,116636,0,0,64372,0,0.0000,0.0000,0,12.7503,12.7000,17.1850,0.0000,897.1792,941.5000,1026.0000,0.0000,897.7648,942.0000,1027.4500,0.0000,0.0000,0,0.0000,0,51.1346,0.6683,5.1000,0,0.0000,26.6923,0.0000,28,6.6346,23.1365,46.8538,-36.0000,1.0000,935.8518
p007_dl_r15_cubic_rep02,dl_r15_cubic,2,rt,downlink,cubic,ninguno,0,ninguno,-15,17.4000,17.4000,79,932.8188,917.0940,1236.5130,458.6640,1337.0000,158.3013,0,1364,1936.3320,3145.9280,832.6289,1168.5398,23.6059,914.9400,1365.9070,117275,0,0,435,0,0.0000,0.0000,0,12.1830,12.1000,16.7000,0.0000,894.8338,901.0000,1207.2000,0.0000,892.4103,903.0000,1192.5000,0.0000,0.0000,0,0.0000,0,50.3922,0.6236,6.4000,0,0.0000,27.2745,0.0000,28,7.0392,22.8549,30.1608,-36.0000,1.0000,932.8203
p008_dl_r02_prague_marc_rep07,dl_r02_prague_marc,7,rt,downlink,prague,ninguno,0,ninguno,-2,2.2900,2.2900,77,29.0382,28.3000,42.6076,17.4610,49.2490,6.4219,4897,0,11.6873,36.2720,10.9365,23.7155,6.6158,9.2540,39.3080,55747,1,0,8519,3528,41.4133,0.0018,10000,12.2950,12.0000,16.5200,0.0000,29.8443,29.5000,47.0000,0.0000,28.8784,27.6000,45.9000,0.0000,5.7147,0,0.0112,0,48.6800,0.6978,4.8000,0,0.1004,5.1400,0.0001,28,6.1200,22.4660,4.3940,-34.0600,1.0000,29.0382
p009_dl_r06_cubic_rep07,dl_r06_cubic,7,rt,downlink,cubic,ninguno,0,ninguno,-6,7.7300,7.7300,80,2935.5003,3108.4500,3556.0040,782.5850,3696.9800,657.4425,0,1411,2617.9743,3954.4080,2608.8014,3542.3462,18.5517,2854.1563,3836.2700,81059,0,0,447,0,0.0000,0.0000,0,12.7227,12.8500,16.6100,0.0000,2796.3009,3037.0000,3575.0000,0.0000,2795.7198,3021.0000,3588.7500,0.0000,7.4499,0,0.0000,0,48.8491,2.3042,58.2000,0,0.0893,16.7547,0.0000,28,6.9057,22.6208,12.1528,-35.0755,1.0000,2935.4946
p010_dl_r10_cubic_rep07,dl_r10_cubic,7,rt,downlink,cubic,ninguno,0,ninguno,-10,13.9000,13.9000,81,1292.3966,1372.9400,1780.3800,474.5130,1813.7900,271.3401,0,1683,2091.1824,3492.7280,1145.9383,1655.9361,26.0317,1282.8177,1894.5450,101996,0,0,439,0,0.0000,0.0000,0,12.3520,12.8000,16.6650,0.0000,1253.0384,1364.0000,1674.2500,0.1613,1254.8054,1365.0000,1683.2000,0.0000,5.2427,0,0.0000,0,49.8269,1.0467,7.3000,0,0.0957,23.8077,0.0000,28,7.5769,22.9308,20.2846,-35.6731,1.0000,1292.3966
p011_dl_r15_cubic_rep06,dl_r15_cubic,6,rt,downlink,cubic,ninguno,0,ninguno,-15,17.4000,17.4000,80,934.4381,949.1730,1110.6245,577.0540,1215.9000,120.7167,0,1429,1978.3731,3206.1760,846.7604,1177.9044,29.5104,929.7731,1360.0290,117390,0,0,434,0,0.0000,0.0000,0,11.8650,11.8000,16.3400,0.0000,904.9401,930.0000,1200.0000,0.0000,904.9654,930.0000,1198.7000,0.0000,0.0000,0,0.0000,0,50.8235,1.2008,8.6000,0,0.0000,27.2941,0.0000,28,7.3137,22.9235,30.3745,-36.0000,1.0000,934.4265
p012_dl_r10_prague_sin_rep08,dl_r10_prague_sin,8,rt,downlink,prague,ninguno,0,ninguno,-10,13.7000,13.7000,80,1190.2950,1201.8950,1255.9380,1052.2600,1278.4700,49.6497,0,0,1983.0791,2398.0720,1070.2880,1248.0583,26.8436,1176.1629,1311.0430,101171,0,0,51381,0,0.0000,0.0000,0,13.3027,13.5500,17.6550,0.0000,1142.8552,1193.0000,1263.0000,0.0000,1142.3458,1192.0000,1261.3000,0.0000,5.2982,0,0.0000,0,50.0980,1.0485,5.4000,0,0.0970,24.0392,0.0000,28,8.2941,23.0765,20.1725,-35.5098,1.0000,1190.3103
p013_dl_r50_prague_sin_rep06,dl_r50_prague_sin,6,rt,downlink,prague,ninguno,0,ninguno,-50,15.9000,15.9000,80,13.6359,13.5895,17.0085,10.2480,18.2320,1.7699,0,0,36.6680,76.8800,0.5836,1.4030,24.2956,0.6781,5.9590,93665,0,0,59292,0,0.0000,0.0000,0,12.4620,12.5500,16.8550,0.0000,14.5535,14.0000,21.7000,0.0000,15.1257,15.0000,21.8000,0.0000,0.0000,0,0.0000,0,51.0566,0.9707,8.6000,0,0.0000,26.6038,0.0000,28,8,23.0679,46.8887,-36.0000,1.0000,13.6359
p014_dl_r50_prague_sin_rep09,dl_r50_prague_sin,9,rt,downlink,prague,ninguno,0,ninguno,-50,17.3000,17.3000,78,952.8269,952.4390,1050.3800,854.4680,1055.3200,59.6723,0,0,2011.6543,2519.6320,857.9013,1035.9374,26.5441,942.0569,1062.4390,116648,0,0,64379,0,0.0000,0.0000,0,13.2090,13.5500,17.1850,0.0000,908.7161,955.0000,1051.0000,0.0000,908.5696,951.0000,1050.0000,0.0000,0.0000,0,0.0000,0,51.2000,0.6907,5.9000,0,0.0000,27.3800,0.0000,28,10.8200,23.0120,46.7800,-36.0000,1.0000,952.8254
p015_dl_r50_prague_sin_rep08,dl_r50_prague_sin,8,rt,downlink,prague,ninguno,0,ninguno,-50,17.3000,17.3000,79,948.8588,945.4970,1054.4640,849.8340,1062.6500,61.9151,0,0,2011.4595,2534.4960,857.5570,1036.8734,27.5165,942.1878,1061.6390,116442,0,0,64249,0,0.0000,0.0000,0,13.8047,14.2000,17.7000,0.0000,906.0536,948.0000,1048.0000,0.0000,906.3404,948.0000,1048.0000,0.0000,0.0000,0,0.0000,0,49.5769,0.6508,3.5000,0,0.0000,26.8269,0.0000,28,7.0192,23.1404,46.7885,-36.0000,1.0000,948.8543
p016_dl_r10_prague_marc_rep04,dl_r10_prague_marc,4,rt,downlink,prague,ninguno,0,ninguno,-10,13.5000,13.5000,77,20.8971,20.4520,27.4508,13.9790,42.0640,4.7016,7810,0,44.0065,117.4880,6.2198,14.3390,23.3087,6.1931,34.1510,94821,0,0,48612,5558,11.4334,0.0000,10000,13.0243,13.3000,17.8550,0.0000,22.5610,21.8000,39.9000,0.0000,22.5719,21.3000,40.6000,0.0000,5.3126,0,0.0000,0,49.9804,1.2383,8.3000,0,0.0951,23.8235,0.0000,28,6.7647,23.0647,20.1471,-35.5882,1.0000,20.8969
p017_dl_r04_prague_sin_rep02,dl_r04_prague_sin,2,rt,downlink,prague,ninguno,0,ninguno,-4,4.8400,4.8300,81,4095.5720,4042.3300,4508.2200,3739.1000,4584.4800,229.9429,0,0,2321.4881,2827.2160,3768.2733,4485.4148,12.8101,4109.1621,4730.1080,72526,0,0,19457,0,0.0000,0.0000,0,13.6037,13.8500,17.8100,0.0000,4034.4677,4106.5000,4490.8500,0.0000,4036.2522,4105.0000,4489.0000,0.0000,6.0690,0,0.0000,0,49.4906,0.8121,3.6000,0,0.0884,11.3396,0.0000,28,7.8679,22.5019,8.0170,-34.9811,1.0000,4095.5784
p018_dl_r04_cubic_rep07,dl_r04_cubic,7,rt,downlink,cubic,ninguno,0,ninguno,-4,4.9000,4.9000,82,4320.3445,4687.6000,5838.2765,497.5670,6302.7400,1268.0075,0,1251,2485.2540,4101.1200,3948.5694,5830.7552,13.2990,4286.7721,6364.6800,74072,0,0,454,0,0.0000,0.0000,0,12.3593,12.0000,17.9200,0.0000,4289.9580,4677.0000,5881.7500,0.0000,4277.7395,4672.0000,5861.0000,0.0000,6.0229,0,0.0000,0,48.5000,0.6071,4.6000,0,0.0893,11.3333,0.0000,28,5.8519,22.5519,8.2852,-35.0000,1.0000,4320.3749
p019_ul_prague_rep06,ul_prague,6,rt,uplink,prague,ninguno,0,ninguno,-50,7.2600,7.2600,80,2671.2616,2681.3250,2764.2200,2529.3900,2779.2700,67.6621,0,0,0.5677,3.8520,0.0034,0.0000,8.2555,0.7541,3.8360,24622,0,0,451,0,0.0000,0.0000,0,14.0883,14.9000,17.8600,0.0000,2583.2058,2656.5000,2772.0000,0.0000,2579.7380,2654.0000,2772.0000,0.0000,0.0000,0,0.0000,0,54.4717,1.4599,46.8000,0,0.0000,26.6981,0.0000,28,22.5660,23.5736,46.7642,-36.0000,1.0000,2671.2126
p020_ul_cubic_rep10,ul_cubic,10,rt,uplink,cubic,ninguno,0,ninguno,-50,7.3200,7.3200,82,3829.6935,3801.7850,4285.8630,2760.3400,4291.6000,330.3232,0,0,0.2449,5.2640,0.1373,1.2246,4.0899,0.7278,2.6910,15675,0,0,448,0,0.0000,0.0000,0,13.9967,13.8500,18.3550,0.0000,3631.2154,3762.0000,4289.0000,0.0000,3630.9313,3758.0000,4289.0000,0.0000,0.0000,0,0.0000,0,54.6038,1.2450,29.5000,0,0.0000,26.6604,0.0000,28,22.9245,23.5679,46.7868,-36.0000,1.0000,3829.6128
p021_dl_r10_prague_marc_rep09,dl_r10_prague_marc,9,rt,downlink,prague,ninguno,0,ninguno,-10,15.1000,15.1000,76,22.7472,22.2645,30.2733,14.0020,33.5240,4.3917,8450,0,54.1231,123.3280,5.1406,11.8523,30.5214,5.3693,21.3760,99890,0,0,54842,5993,10.9278,0.0000,10000,12.9343,12.7000,17.2300,0.0000,23.6990,23.7000,36.1000,0.0000,23.5517,23.8000,34.8000,0.0000,6.4991,0,0.0000,0,49.7843,0.7941,4.8000,0,0.0702,25.5882,0.0000,28,6.2941,23.0392,20.2059,-35.6275,1.0000,22.7470
p022_ul_cubic_rep08,ul_cubic,8,rt,uplink,cubic,ninguno,0,ninguno,-50,7.3200,7.3200,80,3796.1331,3770.7150,4270.5875,2759.8500,4288.8800,340.6640,0,0,0.2950,6.6240,0.0056,0.0000,5.0891,0.7571,5.8230,15701,0,0,448,0,0.0000,0.0000,0,13.7090,13.6500,18.3650,0.0000,3646.2013,3767.0000,4290.0000,0.0000,3648.6264,3765.0000,4289.0000,0.0000,0.0000,0,0.0000,0,54.6038,0.5708,8.3000,0,0.0000,27.0189,0.0000,28,22.9245,23.5264,46.8094,-36.0000,1.0000,3796.1109
p023_dl_r04_prague_sin_rep10,dl_r04_prague_sin,10,rt,downlink,prague,ninguno,0,ninguno,-4,4.7900,4.7900,83,4175.1805,4175.0900,4597.5560,3772.0600,4645.5600,212.8351,0,0,2317.8970,2759.5360,3795.1305,4549.3495,12.6551,4137.6167,4808.1860,72399,0,0,19321,0,0.0000,0.0000,0,12.7093,13.6000,16.6550,0.0000,4061.2117,4131.0000,4558.6000,0.0000,4061.1422,4132.0000,4568.5000,0.0000,5.9750,0,0.0000,0,48.7963,0.5943,8.5000,0,0.0901,11.2037,0.0000,28,6.2778,22.6519,7.6833,-35.0000,1.0000,4175.1935
p024_dl_r10_prague_marc_rep07,dl_r10_prague_marc,7,rt,downlink,prague,ninguno,0,ninguno,-10,13.4000,13.4000,77,19.3283,18.8800,23.2294,13.9710,37.2740,3.1428,7795,0,43.4636,105.4560,6.2929,13.2500,22.9547,6.2554,38.7350,95327,0,0,48594,5424,11.1619,0.0000,10000,12.9150,12.9000,17.3950,0.0000,22.6795,22.0000,38.5000,0.0000,22.5154,21.6000,38.5000,0.0000,5.1196,0,0.0000,0,50.1569,0.4825,5.2000,0,0.0956,23.3529,0.0000,28,7.4706,23.0765,20.0882,-35.5882,1.0000,19.3284
p025_dl_r15_prague_sin_rep02,dl_r15_prague_sin,2,rt,downlink,prague,ninguno,0,ninguno,-15,17.3000,17.3000,78,862.3036,862.4170,880.6808,821.4590,889.8940,13.1224,0,0,1820.3572,2114.6160,773.9458,870.0465,26.5101,849.9966,881.3490,116596,0,0,64355,0,0.0000,0.0000,0,12.1377,12.6000,16.2200,0.0000,832.5632,865.0000,887.0000,0.0000,832.9517,865.0000,885.5500,0.0000,0.0000,0,0.0000,0,50.9804,0.9375,42.6000,0,0.0000,27.1373,0.0000,28,8.3333,23.2039,30.0824,-36.0000,1.0000,862.2821
p026_dl_r04_prague_sin_rep03,dl_r04_prague_sin,3,rt,downlink,prague,ninguno,0,ninguno,-4,4.7600,4.7600,81,3154.0439,2606.6100,4640.2700,821.0020,4690.5800,1112.0264,0,1,1687.2003,2819.6960,2861.0648,4586.3245,12.6974,3090.2030,4812.4190,74102,0,0,19536,0,0.0000,0.0000,0,12.0710,11.7500,16.5550,0.0000,3136.3627,2613.0000,4624.2500,0.0000,3137.9356,2618.0000,4618.5000,0.0000,5.9759,0,0.0000,0,48.9636,0.7093,7.4000,0,0.0956,11.1455,0.0000,28,6.8727,22.5418,8.2127,-35.0000,1.0000,3154.0537
p027_dl_r08_prague_marc_rep04,dl_r08_prague_marc,4,rt,downlink,prague,ninguno,0,ninguno,-8,11.0000,11.0000,77,21.4915,20.3110,31.9700,14.7220,40.2260,4.9201,7631,0,38.5885,90.4160,6.2092,12.8196,20.7367,6.1455,27.6430,87034,0,0,39783,5356,13.4630,0.0000,10000,11.6963,11.6000,16.7550,0.0000,22.4506,21.8000,36.5000,0.0000,22.4018,22.3000,34.7000,0.0000,5.5369,0,0.0000,0,50.5400,0.6836,4.4000,0,0.0907,21.1600,0.0000,28,6.4000,23.2120,16.3420,-35.2000,1.0000,21.4913
p028_dl_r06_prague_sin_rep09,dl_r06_prague_sin,9,rt,downlink,prague,ninguno,0,ninguno,-6,7.6700,7.6600,81,2480.1381,2468.5800,2601.2900,2290.1700,2654.2200,79.1544,0,0,2257.2534,2725.3120,2248.2734,2596.0860,18.7197,2461.6140,2661.7620,79579,0,0,29428,0,0.0000,0.0000,0,12.1747,12.8000,16.3500,0.0000,2389.7663,2477.0000,2610.3000,0.0000,2386.9881,2480.5000,2610.6500,0.0000,7.3807,0,0.0000,0,49.7736,0.6236,4.0000,0,0.0919,16.4906,0.0000,28,8.3962,22.7604,12.1415,-35.0755,1.0000,2480.1401
p029_dl_r02_cubic_rep10,dl_r02_cubic,10,rt,downlink,cubic,ninguno,0,ninguno,-2,2.3500,2.3500,81,8652.3102,9023.8500,12629.2000,3085.3500,13574.5000,2911.0878,0,449,2286.9088,4111.8640,7673.9120,12662.1756,7.4394,8309.7363,13575.9880,72285,3,0,466,0,0.0000,0.0042,0,12.1333,11.8000,17.2950,0.0000,8543.6495,8419.0000,12806.8000,0.0000,8542.8452,8438.0000,12798.0000,0.0000,5.6750,0,0.0000,0,48.0847,0.4757,4.2000,0,0.1006,5.2712,0.0000,28,5.1864,22.3780,4.2559,-34.0678,1.0000,8652.2832
p030_dl_r10_prague_sin_rep02,dl_r10_prague_sin,2,rt,downlink,prague,ninguno,0,ninguno,-10,13.7000,13.7000,79,1231.8243,1236.3300,1328.8070,1053.1700,1340.2500,57.9820,0,0,2054.0024,2524.4960,1113.4032,1309.8280,27.5034,1223.4396,1377.4820,101006,0,0,51223,0,0.0000,0.0000,0,13.2783,13.6000,16.6550,0.0000,1184.2020,1239.0000,1324.3500,0.0000,1185.8904,1241.0000,1328.0000,0.0000,5.1926,0,0.0000,0,50.7255,0.7507,4.5000,0,0.1004,23.9020,0.0000,28,7.5098,23.2196,20.0980,-35.6471,1.0000,1231.8190
p031_dl_r20_prague_sin_rep01,dl_r20_prague_sin,1,rt,downlink,prague,ninguno,0,ninguno,-20,17.3000,17.3000,79,912.0036,905.8930,975.1042,847.0020,992.8900,41.6120,0,0,1931.7419,2370.5600,823.8928,968.9887,25.3828,904.9961,995.2090,116552,0,0,64320,0,0.0000,0.0000,0,11.5990,11.6500,16.3400,0.0000,878.7247,916.0000,984.0000,0.0000,877.1542,919.0000,982.0000,0.0000,0.0000,0,0.0000,0,50.1765,0.8550,5.5000,0,0.0000,26.9412,0.0000,28,8.2157,23.2529,39.3706,-36.0000,1.0000,912.0083
p032_dl_r02_cubic_rep02,dl_r02_cubic,2,rt,downlink,cubic,ninguno,0,ninguno,-2,2.3700,2.3600,82,9949.5388,10880.7500,13092.8350,4478.8400,13446.3000,2583.7935,0,48,2653.7996,4119.3840,8868.9152,13054.9320,7.4282,9620.8761,13475.6840,62894,4,0,466,0,0.0000,0.0064,0,13.4310,13.5500,17.6650,0.0000,9183.2710,10539.0000,13065.8000,0.0000,9190.2366,10539.0000,13080.8000,0.0000,5.7023,0,0.0000,0,48.0741,0.4550,4.7000,0,0.1030,5.2037,0.0000,28,5.1111,22.4870,4.1574,-34.0556,1.0000,9949.5466
p033_dl_r10_prague_sin_rep06,dl_r10_prague_sin,6,rt,downlink,prague,ninguno,0,ninguno,-10,13.8000,13.8000,79,1277.1763,1280.7500,1398.9510,1098.7900,1461.4600,78.3118,0,0,2123.7948,2683.8320,1149.4515,1390.7515,26.8625,1259.8017,1463.5080,101415,0,0,51542,0,0.0000,0.0000,0,12.5577,12.8500,17.2200,0.0000,1217.6565,1273.5000,1407.7000,0.0000,1215.9781,1273.0000,1409.7000,0.0000,5.2023,0,0.0000,0,49.5098,0.6775,7.0000,0,0.1008,23.9804,0.0000,28,8.8235,23.0157,20.0980,-35.4706,1.0000,1277.1758
p034_dl_r02_prague_marc_rep09,dl_r02_prague_marc,9,rt,downlink,prague,ninguno,0,ninguno,-2,2.2800,2.2800,77,28.9423,28.8970,38.3602,18.5520,49.9280,5.5297,4836,0,11.8839,37.7760,10.9331,24.4208,6.8293,9.3465,38.9800,56174,2,0,8509,3535,41.5442,0.0036,10000,12.4770,12.6000,16.7550,0.0000,29.1956,29.2000,44.9000,0.0000,29.3067,29.1000,45.3000,0.0000,5.6878,0,0.0000,0,48.2353,0.5221,8.8000,0,0.0918,5.4118,0.0000,28,5.6275,22.4275,4.0098,-34.1373,1.0000,28.9422
p035_dl_r04_cubic_rep04,dl_r04_cubic,4,rt,downlink,cubic,ninguno,0,ninguno,-4,4.8000,4.8000,82,3874.3922,3829.5800,6148.0900,342.1920,6673.8200,1480.4220,0,1283,2131.5778,4111.6480,3503.4223,6158.9050,12.8155,3794.3181,6668.0080,71100,2,0,455,0,0.0000,0.0028,0,11.6440,11.8000,15.9000,0.0000,3717.4383,3450.5000,6186.9000,0.0000,3714.5198,3431.5000,6195.5000,0.0000,6.0288,0,0.0000,0,48.4528,0.4264,5.3000,0,0.0899,11.2075,0.0000,28,6.1132,22.5925,8.2208,-34.9811,1.0000,3874.3725
p036_dl_r10_prague_marc_rep10,dl_r10_prague_marc,10,rt,downlink,prague,ninguno,0,ninguno,-10,13.4000,13.4000,77,21.4817,20.0490,39.7824,13.0700,50.1350,7.2846,8021,0,45.2974,108.2880,6.2231,13.8904,24.3599,6.1705,39.3000,95264,0,0,48779,5686,11.6567,0.0000,10000,12.4153,12.7500,16.8550,0.0000,21.9657,20.6000,40.0000,0.0000,22.3280,21.6000,38.6000,0.0000,5.2747,0,0.0000,0,50.3600,1.0200,4.1000,0,0.0982,23.9600,0.0000,28,7.6400,22.9380,20.4180,-35.6200,1.0000,21.4817
p037_dl_r08_cubic_rep02,dl_r08_cubic,2,rt,downlink,cubic,ninguno,0,ninguno,-8,11.1000,11.1000,81,1554.3511,1415.7800,2108.8300,802.1260,2609.4800,367.8406,0,1207,2050.1629,4013.9920,1402.2672,2254.7697,23.0945,1536.0732,2713.0560,92775,0,0,441,0,0.0000,0.0000,0,12.4417,12.7500,16.7000,0.0000,1501.5500,1418.0000,2295.0000,0.0000,1495.6046,1412.0000,2267.4500,0.0000,5.4958,0,0.0000,0,49.3529,1.1091,4.2000,0,0.0950,20.8039,0.0000,28,8.6667,22.5314,16.1745,-35.2745,1.0000,1554.3499
p038_dl_r06_cubic_rep03,dl_r06_cubic,3,rt,downlink,cubic,ninguno,0,ninguno,-6,7.7300,7.7200,81,2274.2580,2540.9400,3486.8100,266.4060,3781.6900,972.5228,0,1509,2137.0432,4085.9120,2067.3868,3465.9074,18.4871,2262.4050,3974.8660,81018,0,0,428,0,0.0000,0.0000,0,11.8800,11.6500,16.2500,0.0000,2284.1033,2593.0000,3500.0000,0.0000,2283.1009,2592.0000,3510.0000,0.0000,7.3930,0,0.0000,0,48.6981,0.6271,5.6000,0,0.0920,16.6038,0.0000,28,6.2453,22.4906,12.3245,-35.0189,1.0000,2274.2429
p039_dl_r08_prague_sin_rep03,dl_r08_prague_sin,3,rt,downlink,prague,ninguno,0,ninguno,-8,11.1000,11.1000,80,1614.1849,1626.2950,1701.9210,1453.0300,1737.0300,66.4221,0,0,2143.2730,2630.3920,1448.7479,1693.4672,22.6634,1588.5239,1815.3540,92454,0,0,41930,0,0.0000,0.0000,0,12.6533,12.8500,17.1650,0.0000,1542.1420,1603.0000,1707.2000,0.0000,1540.2958,1602.5000,1705.1500,0.0000,5.4914,0,0.0000,0,50.1961,0.7507,4.7000,0,0.0913,20.8627,0.0000,28,6.1961,22.9941,16.4980,-35.2353,1.0000,1614.1697
p040_dl_r04_prague_sin_rep09,dl_r04_prague_sin,9,rt,downlink,prague,ninguno,0,ninguno,-4,4.7400,4.7400,81,4230.5400,4228.9300,4624.4400,3756.4200,4643.2000,287.4692,0,0,2310.7513,2811.4720,3845.9866,4694.3370,12.7297,4184.6217,4872.0420,71843,0,0,18940,0,0.0000,0.0000,0,12.7970,12.7500,17.6100,0.0000,4108.9914,4141.0000,4718.2000,0.0000,4107.4017,4142.0000,4719.0000,0.0000,5.9712,0,0.0000,0,49.0943,0.6957,4.2000,0,0.0909,11.1321,0.0000,28,6.5094,22.4660,8.2170,-35.0000,1.0000,4230.5202
p041_ul_cubic_rep07,ul_cubic,7,rt,uplink,cubic,ninguno,0,ninguno,-50,7.3200,7.3200,81,3794.5025,3788.6700,4279.0900,2757.2600,4291.0000,340.2303,0,0,0.2939,7.1520,0.4135,1.8160,4.6969,0.7937,4.8500,15709,0,0,448,0,0.0000,0.0000,0,14.1483,14.2000,18.3550,0.0000,3646.7606,3765.0000,4290.7000,0.0000,3646.9016,3765.0000,4290.7000,0.0000,0.0000,0,0.0000,0,54.6038,0.7357,5.0000,0,0.0000,27.1887,0.0000,28,22.9245,23.5472,46.7981,-36.0000,1.0000,3794.4788
p042_dl_r08_prague_marc_rep05,dl_r08_prague_marc,5,rt,downlink,prague,ninguno,0,ninguno,-8,10.9000,10.9000,76,21.1126,19.8240,35.0005,13.7550,40.9740,5.8581,7665,0,39.1228,94.9280,6.2057,13.0252,21.3674,6.1860,31.6860,86809,0,0,39415,5324,13.5075,0.0000,10000,13.4203,13.5500,17.0100,0.0000,22.1828,21.9000,34.3000,0.0000,21.9125,21.2000,36.0000,0.0000,5.4135,0,0.0000,0,50.7451,1.1375,5.2000,0,0.0911,20.3137,0.0000,28,6.0392,23.0314,15.9529,-35.1961,1.0000,21.1125
p043_dl_r20_prague_marc_rep05,dl_r20_prague_marc,5,rt,downlink,prague,ninguno,0,ninguno,-20,17.0000,17.0000,76,19.0075,19.2085,23.7945,12.2260,25.9180,2.8362,7412,0,53.1304,106.9600,5.5081,10.5090,28.4824,5.8841,16.7070,111650,0,0,61925,5176,8.3585,0.0000,10000,13.1967,13.7500,16.8650,0.0000,19.6160,19.5000,28.1000,0.0000,20.1329,20.0000,29.2000,0.0000,0.0000,0,0.0000,0,49.7647,1.1866,9.0000,0,0.0000,26.8627,0.0000,28,8.8431,23.3059,39.4078,-36.0000,1.0000,19.0075
p044_dl_r50_prague_marc_rep09,dl_r50_prague_marc,9,rt,downlink,prague,ninguno,0,ninguno,-50,17.1000,17.0000,77,19.1344,18.4040,24.8626,13.8020,26.5320,2.8307,7512,0,53.8293,105.2800,5.6269,10.4740,28.7516,6.0155,15.6900,111788,0,0,61968,5382,8.6851,0.0000,10000,12.6300,12.6500,17.1300,0.0000,20.1946,20.4000,28.9000,0.0000,20.2812,20.5000,29.0000,0.0000,0.0000,0,0.0000,0,50.4800,0.5767,6.0000,0,0.0000,26.7800,0.0000,28,7.5000,23.1500,46.7560,-36.0000,1.0000,19.1343
p045_dl_r08_prague_sin_rep08,dl_r08_prague_sin,8,rt,downlink,prague,ninguno,0,ninguno,-8,11.1000,11.1000,79,1674.0941,1689.9400,1799.5500,1474.6300,1833.2800,91.4840,0,0,2216.7977,2640.9200,1500.5973,1778.6032,23.3313,1644.5608,1876.2690,92250,0,0,41864,0,0.0000,0.0000,0,12.0823,11.9500,16.4500,0.0000,1585.7287,1667.0000,1796.0000,0.0000,1584.7007,1665.0000,1794.1000,0.0000,5.4641,0,0.0000,0,49.8269,0.9028,4.2000,0,0.0937,20.7115,0.0000,28,6.3654,22.8981,16.2404,-35.2308,1.0000,1674.0914
p046_dl_r15_prague_marc_rep10,dl_r15_prague_marc,10,rt,downlink,prague,ninguno,0,ninguno,-15,17.1000,17.1000,76,19.0635,18.9965,23.3803,14.6750,24.9200,2.5416,7607,0,49.9144,100.9440,5.9587,11.5701,24.6506,5.9915,16.5410,111880,0,0,62012,5338,8.6080,0.0000,10000,12.4177,12.2500,16.7550,0.0000,20.2454,20.4000,28.8000,0.0000,19.9937,20.0000,28.4000,0.0000,0.0000,0,0.0000,0,51.1800,0.6993,5.5000,0,0.0000,26.5000,0.0000,28,8.2800,23.2340,30.2200,-36.0000,1.0000,19.0633
p047_dl_r10_cubic_rep02,dl_r10_cubic,2,rt,downlink,cubic,ninguno,0,ninguno,-10,13.9000,13.9000,79,1097.7988,1036.9700,1560.9050,601.2150,1869.8800,267.6162,0,1836,1782.1460,3414.5200,971.2236,1614.8175,26.4418,1088.4652,1887.9540,102193,0,0,439,0,0.0000,0.0000,0,13.2637,13.5500,17.6100,0.0000,1067.6303,1030.0000,1649.4000,0.0000,1071.4175,1028.0000,1661.2000,0.0000,5.2726,0,0.0000,0,49.7115,0.9385,4.7000,0,0.0954,23.9615,0.0000,28,8.0962,22.6615,20.1962,-35.5577,1.0000,1097.7979
p048_dl_r06_prague_marc_rep05,dl_r06_prague_marc,5,rt,downlink,prague,ninguno,0,ninguno,-6,7.5200,7.5100,76,23.3027,22.4650,31.6140,15.3680,38.1610,4.9554,6933,1,30.6608,70.8640,6.6683,13.3131,16.8854,6.5528,22.5980,73921,0,0,27414,4916,17.9324,0.0000,10000,12.7547,13.0000,16.9550,0.0000,23.8318,23.7000,35.8000,0.0000,23.8511,23.6500,34.9050,0.0000,7.3073,0,0.0000,0,49.7647,0.8433,4.3000,0,0.0930,16.5882,0.0000,28,6.2353,23.0667,12.2941,-35.0392,1.0000,23.3027
p049_dl_r06_prague_sin_rep01,dl_r06_prague_sin,1,rt,downlink,prague,ninguno,0,ninguno,-6,7.6600,7.6600,81,2394.1830,2508.7400,2727.2600,682.0520,2789.7900,443.8973,0,1,2167.7325,2844.0400,2162.4298,2708.5650,18.8119,2366.5608,2790.1610,80227,0,0,29697,0,0.0000,0.0000,0,12.0087,11.7000,16.5550,0.0000,2303.6047,2510.0000,2734.0000,0.0000,2303.0170,2499.0000,2736.4000,0.0000,7.4663,0,0.0000,0,50.6731,0.8257,10.0000,0,0.0913,16.7885,0.0000,28,9.5192,22.7923,12.2481,-35.0577,1.0000,2394.1942
p050_dl_r15_cubic_rep07,dl_r15_cubic,7,rt,downlink,cubic,ninguno,0,ninguno,-15,17.5000,17.4000,79,909.1122,883.4100,1132.6780,519.7250,1268.4400,151.6025,0,1769,1938.8753,3370.1120,830.6797,1243.2718,26.5683,911.7083,1429.6110,117967,0,0,435,0,0.0000,0.0000,0,12.2853,12.1000,17.3050,0.0000,894.3634,882.0000,1263.1000,0.0000,894.9177,884.0000,1259.2000,0.0000,0.0000,0,0.0000,0,50.6731,0.8878,5.3000,0,0.0000,26.7692,0.0000,28,7.1731,22.8423,30.1731,-36.0000,1.0000,909.1122
p051_dl_r15_prague_marc_rep08,dl_r15_prague_marc,8,rt,downlink,prague,ninguno,0,ninguno,-15,17.0000,17.0000,76,18.9217,18.6040,23.5778,13.6940,26.6070,2.6032,7408,0,49.2689,100.9440,5.6839,11.3666,24.5894,5.9379,15.7110,111318,0,0,61752,5212,8.4402,0.0000,10000,12.6107,12.7000,16.8550,0.0000,19.5808,19.5000,28.2000,0.0000,19.7918,20.0000,28.1000,0.0000,0.0000,0,0.0000,0,50.9000,0.8150,3.9000,0,0.0000,26.9000,0.0000,28,7.7200,23.1120,30.3000,-36.0000,1.0000,18.9215
p052_dl_r06_prague_sin_rep03,dl_r06_prague_sin,3,rt,downlink,prague,ninguno,0,ninguno,-6,7.6500,7.6500,81,2473.4353,2470.1700,2606.2600,2329.4500,2643.1000,83.1560,0,0,2262.1773,2749.3760,2255.2651,2611.8195,18.9288,2468.7948,2684.4300,79879,0,0,29556,0,0.0000,0.0000,0,12.5863,12.4500,16.5650,0.0000,2401.9714,2486.5000,2629.6500,0.0000,2403.4029,2489.5000,2627.6500,0.0000,7.5294,0,0.0000,0,49.5385,0.7750,4.2000,0,0.0917,16.7500,0.0000,28,8.4038,22.8000,12.4423,-35.0385,1.0000,2473.4430
p053_dl_r20_cubic_rep09,dl_r20_cubic,9,rt,downlink,cubic,ninguno,0,ninguno,-20,17.4000,17.4000,80,836.1108,812.6685,1200.9720,370.1160,1222.2200,178.8596,0,1629,1758.8742,3446.7280,752.3902,1183.9728,29.5160,825.6514,1462.6520,117467,0,0,434,0,0.0000,0.0000,0,12.9997,13.6000,17.2300,0.0000,807.0393,799.0000,1214.9000,0.0000,803.2341,797.0000,1187.3500,0.0000,0.0000,0,0.0000,0,50.1373,1.0535,6.7000,0,0.0000,26.6471,0.0000,28,7.1961,22.7725,39.4176,-36.0000,1.0000,836.1108
p054_dl_r50_prague_sin_rep04,dl_r50_prague_sin,4,rt,downlink,prague,ninguno,0,ninguno,-50,17.3000,17.3000,79,959.7882,950.7300,1058.1900,853.1840,1068.5300,63.2422,0,0,2009.8720,2531.5760,859.3405,1039.5185,23.5200,944.7614,1063.8910,116736,0,0,64380,0,0.0000,0.0000,0,11.7810,12.3000,15.8550,0.0000,910.9249,953.0000,1056.9000,0.0000,909.0887,954.0000,1050.0000,0.0000,0.0000,0,0.0000,0,50.0962,0.3578,4.0000,0,0.0000,26.8846,0.0000,28,7.1923,23.1135,46.8885,-36.0000,1.0000,959.7912
p055_dl_r04_prague_sin_rep04,dl_r04_prague_sin,4,rt,downlink,prague,ninguno,0,ninguno,-4,4.7900,4.7800,80,4123.8287,4182.0050,4411.2670,2217.5700,4565.6600,314.8572,0,1,2282.5048,2845.2640,3750.9882,4452.3243,12.8484,4102.4649,4691.9510,68822,0,0,18299,0,0.0000,0.0000,0,12.3920,12.7000,16.8000,0.0000,3852.3743,4150.0000,4465.4000,0.0000,3846.0616,4152.0000,4458.8500,0.0000,5.9852,0,0.0000,0,49.0755,0.8150,7.1000,0,0.0863,11.0377,0.0000,28,6.8491,22.6151,8.3208,-35.0000,1.0000,4123.8481
p056_dl_r06_cubic_rep08,dl_r06_cubic,8,rt,downlink,cubic,ninguno,0,ninguno,-6,7.7200,7.7200,81,2480.3399,2862.8300,3475.8800,148.4520,3805.5300,941.2695,0,2500,2209.4747,4060.3440,2215.0703,3499.6633,18.3044,2419.4251,3926.9250,81599,1,0,446,0,0.0000,0.0012,0,12.4373,12.2500,16.8100,0.0000,2401.2031,2826.0000,3520.8000,0.0000,2408.6319,2855.0000,3544.2000,0.0000,7.4432,0,0.0000,0,49.0370,0.9208,4.9000,0,0.0904,16.4259,0.0000,28,6.2222,22.4852,12.1389,-35.1481,1.0000,2480.3225
p057_dl_r02_prague_sin_rep05,dl_r02_prague_sin,5,rt,downlink,prague,ninguno,0,ninguno,-2,3.1100,3.1100,81,4681.5470,4925.0700,7549.2200,1310.2600,8569.6100,1880.9997,0,1,1621.2869,2850.1760,4075.6387,7491.0923,11.5485,4440.1537,8917.8320,69778,1,0,14740,0,0.0000,0.0014,0,12.4143,12.7500,16.7550,0.0000,4655.7961,4100.0000,7933.0500,0.0000,4623.3498,3979.0000,7841.7500,0.0000,8.5729,0,0.0000,0,48.6429,0.4793,4.5000,0,0.1013,7.1250,0.0000,28,6.2143,22.4536,4.2071,-34.0179,1.0000,4681.5544
p058_dl_r02_prague_sin_rep06,dl_r02_prague_sin,6,rt,downlink,prague,ninguno,0,ninguno,-2,3.0600,3.0500,82,2436.9920,2784.1850,3566.5540,1016.8100,4597.0100,880.5686,0,2,894.2384,1426.8240,2140.0431,3546.0309,10.6524,2288.7972,4588.3350,71114,6,0,14699,0,0.0000,0.0084,0,12.4457,12.4000,16.6550,0.0000,2441.3469,2754.0000,3701.0000,0.0000,2439.4497,2752.0000,3697.0000,0.0000,8.2427,0,0.0095,0,48.6842,0.6521,4.9000,0,0.1054,6.9474,0.0001,28,6.2807,22.5105,3.8860,-34.1053,1.0000,2436.9920
p059_dl_r50_prague_sin_rep07,dl_r50_prague_sin,7,rt,downlink,prague,ninguno,0,ninguno,-50,12.4000,12.4000,81,12.1832,11.9250,15.4130,9.1660,18.0620,1.9347,0,0,23.3669,45.2960,0.0266,0.1189,15.7324,0.5156,3.8380,66606,0,0,47006,0,0.0000,0.0000,0,11.6703,11.2500,16.2400,0.0000,13.7461,13.8000,20.7000,0.0000,14.1221,14.0000,21.8000,0.0000,0.0000,0,0.0000,0,49.6346,0.5814,4.1000,0,0.0000,27.0577,0.0000,28,7.6731,23.1327,46.7962,-36.0000,1.0000,12.1833
p060_dl_r50_prague_sin_rep03,dl_r50_prague_sin,3,rt,downlink,prague,ninguno,0,ninguno,-50,17.3000,17.3000,78,909.8576,904.6275,973.2162,846.3250,982.1710,39.6519,0,0,1933.7583,2370.3840,821.9727,963.2107,29.2432,902.9940,989.4060,116558,0,0,64341,0,0.0000,0.0000,0,12.8847,12.8000,16.7550,0.0000,877.8817,915.0000,979.5000,0.0000,876.2216,917.0000,977.0000,0.0000,0.0000,0,0.0000,0,50.3077,0.7286,11.3000,0,0.0000,26.6923,0.0000,28,8.2115,22.9846,46.8192,-36.0000,1.0000,909.8583
p061_dl_r20_prague_marc_rep01,dl_r20_prague_marc,1,rt,downlink,prague,ninguno,0,ninguno,-20,17.1000,17.0000,76,18.0349,17.6010,22.0798,14.6980,23.7190,2.0589,7434,0,53.0744,105.4560,5.7141,10.7513,27.7677,6.0353,16.0690,111821,0,0,61984,5286,8.5280,0.0000,10000,12.6203,12.5000,16.6550,0.0000,20.2539,20.5000,29.1000,0.0000,20.3198,20.5000,29.1000,0.0000,0.0000,0,0.0000,0,50.7647,0.8358,4.1000,0,0.0000,26.0588,0.0000,28,7.8431,23.1059,39.4824,-36.0000,1.0000,18.0347
p062_dl_r02_prague_sin_rep10,dl_r02_prague_sin,10,rt,downlink,prague,ninguno,0,ninguno,-2,2.3500,2.3500,82,8866.7922,8848.5400,9150.9255,8515.0200,9421.2000,185.0638,0,0,2281.9019,2848.4960,8166.3211,9223.0734,7.3811,8821.0431,9467.1970,69968,1,0,10452,0,0.0000,0.0014,0,11.7807,11.9000,15.7000,0.0000,8753.4891,8843.0000,9231.0000,0.0000,8758.7505,8857.0000,9241.4000,0.0000,5.6402,0,0.0000,0,48.1207,0.3564,3.4000,0,0.1002,5.2759,0.0000,28,5.2069,22.4914,4.2172,-34.1034,1.0000,8866.8130
p063_dl_r15_prague_sin_rep04,dl_r15_prague_sin,4,rt,downlink,prague,ninguno,0,ninguno,-15,17.3000,17.3000,78,910.3410,909.3605,968.7218,841.1720,981.3590,38.9730,0,0,1918.9474,2350.6560,819.5676,959.0678,23.5978,900.8158,984.4100,116613,0,0,64380,0,0.0000,0.0000,0,13.9297,13.7500,17.8750,0.0000,876.2335,915.0000,974.5000,0.0000,875.4044,913.0000,973.0000,0.0000,0.0000,0,0.0000,0,51.0800,0.8716,4.1000,0,0.0000,27.3000,0.0000,28,7.7400,23.2940,29.7680,-35.9800,1.0000,910.3339
p064_dl_r20_prague_sin_rep10,dl_r20_prague_sin,10,rt,downlink,prague,ninguno,0,ninguno,-20,17.3000,17.3000,78,902.0036,863.7330,1180.9030,830.0740,1201.1800,107.2856,0,0,1899.1182,2895.4560,807.7494,1117.8643,26.3336,887.1237,1219.3530,116833,0,0,64465,0,0.0000,0.0000,0,12.7140,12.8000,16.7100,0.0000,866.4265,866.0000,1096.5500,0.0000,866.1966,866.0000,1096.5500,0.0000,0.0000,0,0.0000,0,50.1731,1.0835,6.4000,0,0.0000,26.8462,0.0000,28,7.6731,23.1250,39.5019,-36.0000,1.0000,901.9993
p065_dl_r20_cubic_rep10,dl_r20_cubic,10,rt,downlink,cubic,ninguno,0,ninguno,-20,17.4000,17.4000,78,906.4898,915.1865,1070.2720,388.6160,1093.5600,136.4063,0,1334,1937.3627,3160.3360,830.2459,1172.3004,26.5853,912.0562,1357.6440,116696,0,0,435,0,0.0000,0.0000,0,12.3037,12.0500,16.7550,0.0000,885.6249,895.0000,1187.9000,0.0000,888.5875,895.0000,1197.3000,0.0000,0.0000,0,0.0000,0,49.8235,1.1871,7.0000,0,0.0000,26.8824,0.0000,28,7.3922,22.9706,39.4725,-36.0000,1.0000,906.4863
p066_dl_r08_prague_sin_rep07,dl_r08_prague_sin,7,rt,downlink,prague,ninguno,0,ninguno,-8,10.9000,10.9000,81,72.7426,38.1190,261.3160,11.4770,321.6410,82.7858,0,0,113.8539,540.6400,58.2011,268.4828,20.6582,64.0132,339.8320,88773,0,0,42079,0,0.0000,0.0000,0,12.5470,12.8000,16.7550,0.0000,78.6945,41.9000,283.2000,0.0000,79.1852,43.7000,284.0000,0.0000,5.4765,0,0.0000,0,50.2642,0.8143,5.0000,0,0.0822,20.6981,0.0000,28,8.3774,23.0868,16.0717,-35.2642,1.0000,72.7426
p067_dl_r15_prague_marc_rep04,dl_r15_prague_marc,4,rt,downlink,prague,ninguno,0,ninguno,-15,17.0000,17.0000,76,18.6099,18.3285,22.7452,13.1120,24.9840,2.3155,7709,0,48.6111,103.8640,5.3590,11.1480,24.7345,5.9768,16.1540,111909,0,0,62019,5486,8.8457,0.0000,10000,13.2723,12.5500,17.6550,0.0000,19.6053,19.6000,28.2000,0.0000,19.5719,19.6000,28.1000,0.0000,0.0000,0,0.0000,0,50.6600,0.9066,6.8000,0,0.0000,26.9600,0.0000,28,7.9000,23.0940,30.2580,-36.0000,1.0000,18.6099
p068_ul_prague_rep07,ul_prague,7,rt,uplink,prague,ninguno,0,ninguno,-50,7.2600,7.2600,81,2724.1332,2724.9800,2865.7000,2543.3300,2889.6600,93.2208,0,0,0.4300,5.6480,0.0093,0.0000,6.2119,0.7473,3.8980,22059,0,0,20706,0,0.0000,0.0000,0,13.9207,14.2500,18.3100,0.0000,2589.0884,2717.0000,2868.0000,0.0000,2586.9151,2724.0000,2866.0000,0.0000,0.0000,0,0.0000,0,54.5962,1.1743,18.2000,0,0.0000,26.8077,0.0000,28,22.9038,23.5769,46.7731,-36.0000,1.0000,2724.1545
p069_dl_r15_cubic_rep04,dl_r15_cubic,4,rt,downlink,cubic,ninguno,0,ninguno,-15,17.4000,17.4000,79,933.2924,923.5580,1234.7100,559.5650,1329.4600,155.9363,0,1193,1954.3105,3168.6640,836.0430,1169.2785,29.6125,917.9385,1349.7150,117379,0,0,434,0,0.0000,0.0000,0,12.3700,12.2500,16.7550,0.0000,891.4325,901.5000,1179.1000,0.0000,891.1850,901.5000,1179.1000,0.0000,0.0000,0,0.0000,0,50.9200,0.8500,3.9000,0,0.0000,27.3200,0.0000,28,7.3200,22.7780,30.3400,-36.0000,1.0000,933.2873
p070_ul_cubic_rep04,ul_cubic,4,rt,uplink,cubic,ninguno,0,ninguno,-50,7.3200,7.3200,82,3824.6313,3809.7600,4282.8975,2753.2000,4291.9800,331.4404,0,0,0.2220,7.6720,0.0088,0.0000,3.8043,0.7344,2.6760,15679,0,0,449,0,0.0000,0.0000,0,13.4657,13.6500,18.5100,0.0000,3639.1734,3767.0000,4290.0000,0.0000,3633.1040,3761.0000,4289.0000,0.0000,0.0000,0,0.0000,0,54.6038,0.4458,6.0000,0,0.0000,26.8302,0.0000,28,22.9245,23.5321,46.8434,-36.0000,1.0000,3824.6582
p071_dl_r04_cubic_rep10,dl_r04_cubic,10,rt,downlink,cubic,ninguno,0,ninguno,-4,4.8700,4.8700,80,3534.0564,3143.7450,5989.8055,740.7700,6501.7500,1481.1273,0,2323,1938.3067,4027.4160,3172.4694,5959.1925,12.7803,3448.0412,6648.6580,74431,0,0,456,0,0.0000,0.0000,0,11.9250,12.2500,15.7550,0.0000,3463.9209,3056.0000,5988.5000,0.0000,3460.6769,3058.0000,5980.0000,0.0000,6.0738,0,0.0000,0,48.8519,0.8321,10.3000,0,0.0929,11.4815,0.0000,28,7.1296,22.5037,8.0833,-35.0000,1.0000,3534.0702
p072_dl_r15_prague_marc_rep03,dl_r15_prague_marc,3,rt,downlink,prague,ninguno,0,ninguno,-15,17.1000,17.1000,76,18.7608,18.0080,23.3405,14.4650,26.8500,2.5782,7645,0,49.7753,105.2800,5.9647,11.5326,24.5545,5.9848,15.8000,111810,0,0,62013,5448,8.7853,0.0000,10000,12.8517,13.7500,16.5100,0.0000,20.1701,20.2000,28.2000,0.0000,19.8240,19.8000,28.6000,0.0000,0.0000,0,0.0000,0,50.7200,0.7683,5.7000,0,0.0000,26.8400,0.0000,28,7,23.2360,30.2220,-36.0000,1.0000,18.7607
p073_dl_r15_prague_marc_rep05,dl_r15_prague_marc,5,rt,downlink,prague,ninguno,0,ninguno,-15,17.0000,17.0000,77,19.3787,19.0990,24.6192,14.3480,25.7520,2.5411,7595,0,49.5471,102.4480,5.9801,11.5589,24.4652,6.0148,15.8280,111843,0,0,61990,5318,8.5788,0.0000,10000,12.6277,12.7500,17.0650,0.0000,20.0942,19.9000,28.2000,0.0000,20.0487,20.2000,28.6000,0.0000,0.0000,0,0.0000,0,50.9200,0.9458,8.3000,0,0.0000,26.8600,0.0000,28,7.8600,23.1320,29.9720,-35.9800,1.0000,19.3784
p074_dl_r04_cubic_rep09,dl_r04_cubic,9,rt,downlink,cubic,ninguno,0,ninguno,-4,4.7500,4.7500,80,3903.9830,4104.9050,6184.9300,838.4640,6665.3300,1568.6078,0,2483,2098.5616,4075.5360,3465.2092,6162.9263,12.5632,3773.1069,6728.3110,70997,0,0,456,0,0.0000,0.0000,0,12.4733,12.3500,16.9100,0.0000,3671.4879,3501.0000,6171.8000,0.0000,3676.0813,3501.0000,6190.2000,0.0000,6.0271,0,0.0000,0,48.7170,0.7500,4.5000,0,0.0900,11.1321,0.0000,28,6.6415,22.5245,8.3434,-35.0000,1.0000,3903.9556
p075_dl_r15_cubic_rep08,dl_r15_cubic,8,rt,downlink,cubic,ninguno,0,ninguno,-15,17.4000,17.4000,79,948.1573,941.4600,1241.6260,552.7210,1353.8300,150.6437,0,1400,1976.9985,3215.2880,849.0369,1178.2508,24.7090,932.6448,1369.9070,117779,0,0,434,0,0.0000,0.0000,0,12.0257,11.7000,16.2950,0.0000,908.1049,934.0000,1188.3500,0.0000,905.7721,934.0000,1191.7000,0.0000,0.0000,0,0.0000,0,49.5294,0.5978,4.4000,0,0.0000,27.2941,0.0000,28,6.5490,22.8235,30.4980,-35.9804,1.0000,948.1528
p076_dl_r06_cubic_rep09,dl_r06_cubic,9,rt,downlink,cubic,ninguno,0,ninguno,-6,7.7200,7.7200,81,2887.7657,2990.8400,3564.3000,860.4440,3662.0700,590.0303,0,1605,2587.0217,3867.6560,2583.8526,3478.8027,18.9047,2831.1403,3752.6690,79767,1,0,446,0,0.0000,0.0013,0,12.4173,12.2000,16.6100,0.0000,2727.3763,2984.0000,3503.0000,0.0000,2726.8424,2981.0000,3518.2000,0.0000,7.4487,0,0.0000,0,48.7115,0.7091,5.4000,0,0.0892,16.6731,0.0000,28,5.8846,22.4788,11.8385,-35.0192,1.0000,2887.7364
p077_dl_r50_prague_marc_rep01,dl_r50_prague_marc,1,rt,downlink,prague,ninguno,0,ninguno,-50,17.1000,17.0000,76,18.8686,18.6470,23.6800,11.9110,25.0530,2.8726,7364,0,52.7829,106.7840,5.6505,10.7124,27.7164,5.9717,15.1270,111671,0,0,61894,5238,8.4629,0.0000,10000,12.2433,12.3000,16.7000,0.0000,20.2912,20.3000,29.1000,0.0000,19.9166,19.9000,28.1000,0.0000,0.0000,0,0.0000,0,51,0.6450,4.3000,0,0.0000,27.4200,0.0000,28,6.8800,23.1860,46.8400,-36.0000,1.0000,18.8686
p078_dl_r50_prague_marc_rep02,dl_r50_prague_marc,2,rt,downlink,prague,ninguno,0,ninguno,-50,17.0000,17.0000,76,18.9485,18.8775,24.8663,13.2860,25.4550,2.6637,7637,0,53.6782,106.7840,5.6353,10.5355,28.6763,5.9728,16.2070,111800,0,0,62004,5366,8.6543,0.0000,10000,11.8903,11.5500,16.2300,0.0000,19.8695,20.0000,28.1000,0.0000,19.6957,19.5000,28.1000,0.0000,0.0000,0,0.0000,0,50.3800,1.1150,30.3000,0,0.0000,26.6200,0.0000,28,6.1400,23.3220,46.8040,-36.0000,1.0000,18.9484
p079_dl_r02_prague_sin_rep01,dl_r02_prague_sin,1,rt,downlink,prague,ninguno,0,ninguno,-2,2.3500,2.3500,81,8791.0189,8807.9700,9068.2900,8177.6800,9260.7200,215.5341,0,0,2282.2156,2811.0720,8071.1148,9114.4467,7.5445,8724.3679,9300.5330,69448,5,0,10526,0,0.0000,0.0072,0,12.3893,12.2500,16.7100,0.0000,8645.1804,8751.5000,9136.1000,0.0000,8642.5863,8748.0000,9123.2000,0.0000,5.6645,0,0.0108,0,48.2982,0.5000,10.1000,0,0.1002,5.3509,0.0000,28,5.8947,22.5123,4.1035,-34.0877,1.0000,8791.0052
p080_dl_r20_cubic_rep08,dl_r20_cubic,8,rt,downlink,cubic,ninguno,0,ninguno,-20,17.4000,17.4000,79,961.0874,970.4160,1250.1130,545.0930,1327.3000,166.0244,0,1247,2004.8138,3161.1440,859.5186,1193.8253,26.4606,943.5156,1364.6880,117531,0,0,435,0,0.0000,0.0000,0,12.0563,12.5000,16.2850,0.0000,923.1401,952.0000,1216.3000,0.0000,924.2736,949.0000,1217.0000,0.0000,0.0000,0,0.0000,0,50.3137,0.9114,4.9000,0,0.0000,27.2157,0.0000,28,7.0392,22.7020,39.6333,-36.0000,1.0000,961.0750
p081_dl_r02_prague_marc_rep06,dl_r02_prague_marc,6,rt,downlink,prague,ninguno,0,ninguno,-2,2.2700,2.2700,77,28.4196,27.2760,40.6868,18.8440,47.9070,5.6876,4867,1,11.8073,37.6880,10.9369,24.1456,6.7560,9.2970,42.8970,55795,3,0,8420,3529,41.9121,0.0054,10000,12.9860,13.0000,16.9100,0.0000,29.0129,28.5000,45.6000,0.0000,28.4382,28.0000,45.2000,0.0000,5.7081,0,0.0000,0,48.4706,0.5150,3.7000,0,0.0945,5.3922,0.0000,28,6,22.5510,4.5471,-34.0784,1.0000,28.4196
p082_dl_r02_prague_sin_rep02,dl_r02_prague_sin,2,rt,downlink,prague,ninguno,0,ninguno,-2,2.4100,2.4100,81,625.8760,593.2190,870.9330,373.9200,928.8210,131.3033,0,2,183.4771,265.6720,552.2729,847.5588,8.1950,589.2145,924.4990,63718,8,0,9981,0,0.0000,0.0126,0,12.8287,12.6000,17.8650,0.0000,625.1080,608.5000,870.7500,0.0000,624.7958,609.5000,872.5000,0.0000,5.8983,0,0.0000,0,48.6604,0.5957,4.2000,0,0.1025,5.6038,0.0000,28,5.8302,22.5075,4.0642,-34.1698,1.0000,625.8764
p083_ul_cubic_rep02,ul_cubic,2,rt,uplink,cubic,ninguno,0,ninguno,-50,7.3200,7.3200,80,3794.1957,3766.7200,4264.3740,2754.7900,4288.8800,340.3820,0,0,0.2246,7.3280,0.0050,0.0000,3.8617,0.7758,3.3190,15706,0,0,449,0,0.0000,0.0000,0,13.4213,12.7500,18.0200,0.0000,3643.2199,3768.0000,4289.7000,0.0000,3643.7479,3768.0000,4290.0000,0.0000,0.0000,0,0.0000,0,54.6038,0.6071,4.2000,0,0.0000,26.9057,0.0000,28,22.9245,23.5925,46.8774,-36.0000,1.0000,3794.1987
p084_dl_r08_prague_marc_rep08,dl_r08_prague_marc,8,rt,downlink,prague,ninguno,0,ninguno,-8,11.0000,11.0000,76,20.2818,19.7725,26.3777,14.2300,35.7600,4.1483,7674,0,39.7440,94.9280,6.1960,12.9717,21.7502,6.1262,22.9980,87111,0,0,39786,5420,13.6229,0.0000,10000,12.5043,12.7000,16.6550,0.0000,22.5529,22.6000,34.6000,0.0000,22.5152,22.1000,34.9000,0.0000,5.4621,0,0.0000,0,50.8600,1.0525,4.8000,0,0.0905,20.9600,0.0000,28,6.8400,23.0760,16.4660,-35.1600,1.0000,20.2817
p085_dl_r20_cubic_rep05,dl_r20_cubic,5,rt,downlink,cubic,ninguno,0,ninguno,-20,17.4000,17.4000,79,928.5400,918.2170,1201.4890,463.0250,1331.9800,156.2185,0,1303,1945.1650,3142.2000,832.7104,1163.8843,27.1407,913.9913,1350.8560,117448,0,0,435,0,0.0000,0.0000,0,12.4977,13.1500,16.7100,0.0000,894.5794,899.0000,1202.8000,0.0000,887.8641,898.0000,1184.3000,0.0000,0.0000,0,0.0000,0,49.9020,0.8964,5.4000,0,0.0000,27.1961,0.0000,28,7.6667,22.8588,39.6686,-36.0000,1.0000,928.5371
p086_dl_r20_cubic_rep02,dl_r20_cubic,2,rt,downlink,cubic,ninguno,0,ninguno,-20,17.4000,17.4000,79,936.6967,922.4500,1236.5330,538.7230,1317.9000,149.2508,0,1248,1948.3419,3155.8240,835.3726,1167.6278,27.2912,917.8478,1350.0590,117394,0,0,434,0,0.0000,0.0000,0,11.8737,11.9500,16.2950,0.0000,899.8667,904.0000,1187.2000,0.0000,896.3353,902.5000,1184.2000,0.0000,0.0000,0,0.0000,0,49.7692,0.9742,9.0000,0,0.0000,26.6923,0.0000,28,6.7308,23.0365,39.2288,-36.0000,1.0000,936.6930
p087_dl_r20_cubic_rep06,dl_r20_cubic,6,rt,downlink,cubic,ninguno,0,ninguno,-20,17.4000,17.4000,78,815.5935,782.0980,1172.6935,496.9890,1207.0200,163.2898,0,1540,1706.3118,3161.1440,733.9702,1139.2773,23.5599,807.1427,1359.3480,116530,0,0,434,0,0.0000,0.0000,0,13.2873,13.5000,16.9950,0.0000,786.6115,774.5000,1178.9000,0.0000,785.2935,778.5000,1175.6000,0.0000,0.0000,0,0.0000,0,49.9231,0.9833,5.7000,0,0.0000,26.3269,0.0000,28,6.9423,22.8250,39.6808,-36.0000,1.0000,815.5896
p088_dl_r08_prague_sin_rep05,dl_r08_prague_sin,5,rt,downlink,prague,ninguno,0,ninguno,-8,11.1000,11.1000,80,1672.4976,1688.2350,1782.3950,1494.6100,1821.5100,81.9702,0,0,2220.9632,2645.5200,1502.4103,1771.4713,22.8347,1645.5317,1884.6800,92571,0,0,42014,0,0.0000,0.0000,0,12.2753,12.2000,16.2400,0.0000,1589.1296,1668.0000,1787.1000,0.0000,1585.0539,1668.0000,1787.2000,0.0000,5.4528,0,0.0000,0,50.6346,0.8707,6.2000,0,0.0871,20.7692,0.0000,28,5.9423,23.0615,16.1000,-35.1923,1.0000,1672.4937
p089_dl_r20_prague_marc_rep08,dl_r20_prague_marc,8,rt,downlink,prague,ninguno,0,ninguno,-20,17.1000,17.0000,76,18.7537,18.8730,22.8280,13.2300,26.0880,2.5107,7425,0,52.9029,105.2800,5.6540,10.7944,27.8349,5.9749,16.3860,111761,0,0,61934,5225,8.4364,0.0000,10000,12.3730,12.1500,16.8550,0.0000,19.5791,19.5000,27.6000,0.0000,19.8794,20.3000,28.6000,0.0000,0.0000,0,0.0000,0,51.3000,0.7786,4.2000,0,0.0000,27.2800,0.0000,28,7.3600,23.2200,39.6500,-36.0000,1.0000,18.7537
p090_dl_r02_prague_sin_rep03,dl_r02_prague_sin,3,rt,downlink,prague,ninguno,0,ninguno,-2,2.3500,2.3500,82,8822.5122,8807.1600,9081.0965,8544.6600,9301.4900,176.7147,0,0,2284.8050,2843.9840,8115.1443,9145.9563,7.6847,8774.1866,9498.9230,69326,4,0,10437,0,0.0000,0.0058,0,12.8447,12.8000,17.7550,0.0000,8682.7451,8797.5000,9160.1000,0.0000,8691.9647,8796.0000,9168.1000,0.0000,5.6710,0,0.0108,0,48.2982,0.6837,8.6000,0,0.1022,5.2456,0.0001,28,5.4912,22.5614,4.3211,-34.0526,1.0000,8822.5019
p091_dl_r50_prague_sin_rep01,dl_r50_prague_sin,1,rt,downlink,prague,ninguno,0,ninguno,-50,14.9000,14.9000,80,12.8556,12.4970,16.3625,10.5220,17.5470,1.6969,0,0,30.1313,57.3280,0.2373,1.0484,20.1086,0.6139,3.3970,85844,0,0,55855,0,0.0000,0.0000,0,12.7943,12.5500,17.3100,0.0000,14.7773,14.8000,20.9000,0.0000,14.7788,14.5000,21.4000,0.0000,0.0000,0,0.0000,0,51.2308,0.7107,3.9000,0,0.0000,26.7308,0.0000,28,7.6731,23.2481,46.7731,-36.0000,1.0000,12.8555
p092_dl_r50_cubic_rep10,dl_r50_cubic,10,rt,downlink,cubic,ninguno,0,ninguno,-50,17.4000,17.4000,79,904.2433,870.3590,1204.8030,514.2810,1330.0400,155.6702,0,1377,1913.3860,3261.8240,820.4209,1228.9232,29.5437,901.1607,1384.8480,116987,0,0,436,0,0.0000,0.0000,0,13.3983,13.7500,17.1050,0.0000,880.1767,868.0000,1248.0000,0.0000,879.4764,870.0000,1247.3000,0.0000,0.0000,0,0.0000,0,50.1961,1.4933,100.2000,1,0.0000,27.0196,0.0000,28,7.9216,22.6882,46.8294,-36.0000,1.0000,904.2468
p093_dl_r15_prague_marc_rep07,dl_r15_prague_marc,7,rt,downlink,prague,ninguno,0,ninguno,-15,17.1000,17.0000,76,19.5612,19.2900,24.0485,13.0310,25.1010,2.7700,7547,0,53.7789,106.9600,5.6676,10.5194,28.5289,6.0111,16.2400,111777,0,0,61949,5294,8.5457,0.0000,10000,12.5173,12.2500,17.2750,0.0000,20.1607,20.4000,28.3000,0.0000,19.9895,20.0000,28.6000,0.0000,0.0000,0,0.0000,0,50.4400,1.0275,4.0000,0,0.0000,27.1600,0.0000,28,7.0200,23.1740,30.0680,-36.0000,1.0000,19.5611
p094_dl_r50_cubic_rep05,dl_r50_cubic,5,rt,downlink,cubic,ninguno,0,ninguno,-50,17.4000,17.4000,79,914.1703,920.8700,1083.5850,465.4750,1179.4400,133.3076,0,1186,1946.8482,3184.2240,834.0820,1169.9099,25.3625,915.5938,1366.1350,117102,0,0,435,0,0.0000,0.0000,0,11.9867,11.7500,16.5200,0.0000,891.1229,901.0000,1193.3000,0.0000,892.2334,903.0000,1197.0000,0.0000,0.0000,0,0.0000,0,50.0192,0.9928,4.0000,0,0.0000,26.1538,0.0000,28,6.1538,22.9231,46.8538,-36.0000,1.0000,914.1689
p095_ul_prague_rep09,ul_prague,9,rt,uplink,prague,ninguno,0,ninguno,-50,7.2600,7.2600,81,2697.4614,2701.7400,2824.5000,2537.1500,2847.8000,83.4976,0,0,0.4945,4.0280,0.0104,0.0000,7.1628,0.8159,3.0720,21619,0,0,451,0,0.0000,0.0000,0,13.8817,13.6000,18.1000,0.0000,2577.1373,2685.0000,2831.0000,0.0000,2576.6650,2685.0000,2833.5000,0.0000,0.0000,0,0.0000,0,54.4717,1.4314,32.1000,0,0.0000,26.4906,0.0000,28,22.5660,23.6151,46.7528,-36.0000,1.0000,2697.4508
p096_ul_cubic_rep03,ul_cubic,3,rt,uplink,cubic,ninguno,0,ninguno,-50,7.3300,7.3200,82,3812.6363,3794.7300,4285.4950,2758.2400,4291.3500,328.2831,0,0,0.2692,6.8560,0.1173,1.3142,4.5345,0.7854,3.0350,15823,0,0,449,0,0.0000,0.0000,0,14.1047,13.9500,18.6650,0.0000,3671.4452,3774.0000,4288.0000,0.0000,3671.3214,3783.5000,4291.0000,0.0000,0.0000,0,0.0000,0,54.4815,1.4293,7.9000,0,0.0000,26.7593,0.0000,28,22.5926,23.6074,46.8333,-36.0000,1.0000,3812.5649
p097_dl_r06_cubic_rep05,dl_r06_cubic,5,rt,downlink,cubic,ninguno,0,ninguno,-6,7.7200,7.7100,80,2810.5015,2987.9300,3680.6360,829.2310,3701.4200,580.4455,0,1642,2562.7430,3833.7680,2561.7475,3480.3192,18.2806,2805.6104,3733.8730,78613,0,0,446,0,0.0000,0.0000,0,13.3540,13.7000,16.8550,0.0000,2669.8995,2967.0000,3513.0000,0.0000,2674.5075,2978.0000,3494.8000,0.0000,7.6237,0,0.0000,0,49.2745,1.3307,4.9000,0,0.0934,16.9804,0.0000,28,7.0392,22.5176,12.0538,-35.0962,1.0000,2810.4905
p098_dl_r50_prague_marc_rep04,dl_r50_prague_marc,4,rt,downlink,prague,ninguno,0,ninguno,-50,17.0000,17.0000,76,18.9904,18.3160,22.9985,14.6900,24.0890,2.3515,7553,0,49.5993,103.8640,5.8794,11.5285,24.6219,5.9479,17.5940,111676,0,0,61933,5317,8.5851,0.0000,10000,12.7803,12.6500,16.9550,0.0000,19.6638,19.8000,27.8000,0.0000,19.3816,19.5000,27.4000,0.0000,0.0000,0,0.0000,0,50.3600,1.0550,9.3000,0,0.0000,26.8200,0.0000,28,6.5400,23.1520,46.6960,-36.0000,1.0000,18.9904
p099_dl_r04_prague_marc_rep03,dl_r04_prague_marc,3,rt,downlink,prague,ninguno,0,ninguno,-4,4.5700,4.5700,77,24.3916,23.8560,32.7014,15.8000,43.0640,4.9889,6310,0,20.8306,52.8160,8.1745,15.9910,11.7303,7.5546,27.8580,64157,0,0,16606,4456,26.8337,0.0000,10000,13.1573,13.3500,16.8000,0.0000,25.4953,25.4000,37.8000,0.0000,25.2887,25.2000,38.0000,0.0000,6.0553,0,0.0000,0,49.5294,1.1291,9.4000,0,0.0899,10.5882,0.0000,28,8.3333,22.6275,8.1490,-35.0000,1.0000,24.3916
p100_dl_r06_prague_marc_rep10,dl_r06_prague_marc,10,rt,downlink,prague,ninguno,0,ninguno,-6,7.4900,7.4900,77,22.8857,21.6990,31.3650,14.8600,34.4170,4.2097,7006,0,31.4149,75.3760,6.7521,13.6030,17.4813,6.5735,21.6880,74134,0,0,27564,4943,17.9328,0.0000,10000,12.4487,12.6500,16.7000,0.0000,24.7532,24.7000,37.4000,0.0000,24.2392,23.8000,37.2000,0.0000,7.3620,0,0.0000,0,49.7255,1.5185,8.8000,0,0.0895,15.9804,0.0000,28,6.9412,22.9176,12.0373,-35.0000,1.0000,22.8855
p101_dl_r06_prague_sin_rep06,dl_r06_prague_sin,6,rt,downlink,prague,ninguno,0,ninguno,-6,7.6600,7.6600,81,2476.1288,2466.7400,2608.2900,2292.9100,2662.0400,77.3818,0,0,2260.1941,2741.8560,2253.1192,2606.0241,18.6756,2465.6417,2662.2600,79555,0,0,29440,0,0.0000,0.0000,0,12.6980,12.7500,16.8100,0.0000,2389.4075,2484.0000,2626.2000,0.0000,2388.2348,2483.0000,2624.0000,0.0000,7.5201,0,0.0000,0,49.8431,1.7892,27.8000,0,0.0947,17.0196,0.0000,28,7.1961,22.9235,12.2333,-35.0980,1.0000,2476.1326
p102_ul_cubic_rep05,ul_cubic,5,rt,uplink,cubic,ninguno,0,ninguno,-50,7.3200,7.3200,81,3801.6247,3789.0500,4279.3000,2755.5600,4290.6500,342.4659,0,0,0.2900,7.5840,0.0026,0.0000,5.0046,0.7714,2.4920,15702,0,0,449,0,0.0000,0.0000,0,13.5563,13.9000,17.4850,0.0000,3640.6738,3764.0000,4290.7000,0.0000,3643.5485,3766.0000,4289.0000,0.0000,0.0000,0,0.0000,0,54.4815,0.6014,3.8000,0,0.0000,26.7963,0.0000,28,22.5926,23.5556,46.7704,-36.0000,1.0000,3801.6306
p103_dl_r50_prague_marc_rep10,dl_r50_prague_marc,10,rt,downlink,prague,ninguno,0,ninguno,-50,17.1000,17.0000,76,18.5208,17.8290,24.4615,12.3640,26.6670,2.5703,7446,0,41.6892,94.9280,5.1486,10.0133,21.7276,5.9909,15.4490,111785,0,0,61963,5143,8.3001,0.0000,10000,13.0493,13.0500,17.7000,0.0000,19.6078,19.7000,28.3000,0.0000,19.2160,19.4000,27.3000,0.0000,0.0000,0,0.0000,0,51.1373,0.8371,3.6000,0,0.0000,26.8824,0.0000,28,7.7255,23.1078,46.7353,-36.0000,1.0000,18.5207
p104_dl_r10_prague_sin_rep03,dl_r10_prague_sin,3,rt,downlink,prague,ninguno,0,ninguno,-10,13.8000,13.8000,79,1197.8949,1197.5400,1257.2000,1038.5800,1293.5300,48.6288,0,0,1998.0750,2450.6240,1077.8537,1262.2060,26.9836,1182.6204,1331.8560,101333,0,0,51526,0,0.0000,0.0000,0,11.9737,12.2000,15.8550,0.0000,1150.4100,1202.0000,1275.0000,0.0000,1149.4611,1199.0000,1276.4000,0.0000,5.2478,0,0.0000,0,50.6154,0.9671,11.1000,0,0.0987,23.7885,0.0000,28,7.3846,23.1462,20.3962,-35.6923,1.0000,1197.8931
p105_dl_r08_prague_marc_rep06,dl_r08_prague_marc,6,rt,downlink,prague,ninguno,0,ninguno,-8,10.9000,10.9000,77,21.9033,20.9830,31.6260,14.3220,35.3680,4.3860,7832,0,38.6734,93.4240,6.3607,12.7798,20.6611,6.2257,29.5210,86984,0,0,39811,5487,13.7826,0.0000,10000,12.0933,12.0500,16.3950,0.0000,22.0586,22.0000,36.2000,0.0000,21.7510,21.3000,35.3000,0.0000,5.4804,0,0.0000,0,50.2353,1.5333,8.9000,0,0.0872,19.9216,0.0000,28,6.1569,22.9882,16.1725,-35.2941,1.0000,21.9032
p106_dl_r15_prague_sin_rep07,dl_r15_prague_sin,7,rt,downlink,prague,ninguno,0,ninguno,-15,17.3000,17.3000,78,960.6383,959.6230,1063.3170,856.0250,1076.1900,64.9850,0,0,2036.8122,2582.6240,867.0244,1055.4840,29.1987,952.6285,1082.5960,116729,0,0,64388,0,0.0000,0.0000,0,12.9440,12.3000,18.1400,0.0000,916.3716,962.0000,1073.0000,0.0000,916.3995,964.0000,1072.4000,0.0000,0.0000,0,0.0000,0,51.3137,1.1078,10.8000,0,0.0000,26.9412,0.0000,28,8.5882,23.1471,30.0216,-36.0000,1.0000,960.6379
p107_dl_r08_prague_marc_rep07,dl_r08_prague_marc,7,rt,downlink,prague,ninguno,0,ninguno,-8,10.9000,10.9000,76,22.9624,20.4185,36.7225,14.1630,38.8370,6.4818,7653,1,39.4910,93.4240,6.1335,12.9438,21.8487,6.1328,28.6340,86735,0,0,39386,5325,13.5200,0.0000,10000,13.6060,13.7500,17.6000,0.0000,21.6971,21.4000,32.8000,0.0000,21.6134,21.0000,32.9000,0.0000,5.4897,0,0.0000,0,50.4400,1.2300,4.2000,0,0.0944,20.7200,0.0000,28,7.3000,23.0480,16.1700,-35.3600,1.0000,22.9622
p108_dl_r20_prague_sin_rep03,dl_r20_prague_sin,3,rt,downlink,prague,ninguno,0,ninguno,-20,10.6000,10.6000,81,11.9304,11.6520,15.0690,9.4260,15.6190,1.7641,0,0,19.8600,40.6080,0.0192,0.0000,13.4177,0.4643,4.1800,56554,0,0,40738,0,0.0000,0.0000,0,12.8887,13.3500,16.7000,0.0000,13.9874,14.1000,21.0000,0.0000,13.3387,13.5000,20.1000,0.0000,0.0000,0,0.0000,0,50.4151,1.1007,4.6000,0,0.0000,26.8868,0.0000,28,8.6038,23.1925,39.7566,-36.0000,1.0000,11.9303
p109_dl_r06_cubic_rep04,dl_r06_cubic,4,rt,downlink,cubic,ninguno,0,ninguno,-6,7.7200,7.7200,80,2067.5820,1854.6850,3542.5200,209.1490,3614.3100,679.9438,0,1587,1688.0536,3936.8400,1697.1866,3297.4693,17.1746,2063.6851,3847.1370,78454,0,0,446,0,0.0000,0.0000,0,12.9980,12.7000,17.5550,0.0000,1983.8647,1856.0000,3392.0000,0.0000,1983.2220,1858.0000,3378.6000,0.1613,7.4604,0,0.0000,0,48.8727,1.2521,13.9000,0,0.0870,16.4000,0.0000,28,5.9455,22.6455,12.2491,-35.0909,1.0000,2067.5957
p110_dl_r06_prague_marc_rep07,dl_r06_prague_marc,7,rt,downlink,prague,ninguno,0,ninguno,-6,7.5800,7.5800,76,23.4572,22.7380,31.7358,15.7400,34.4530,4.6517,6859,0,30.7280,70.8640,6.8348,13.1416,16.7656,6.6356,20.6910,74287,0,0,27556,4770,17.3102,0.0000,10000,12.8010,13.1500,16.6550,0.0000,24.0739,23.9000,35.8000,0.0000,24.3494,23.8000,35.7000,0.0000,7.4483,0,0.0000,0,49.7255,0.7583,4.0000,0,0.0913,15.9412,0.0000,28,6.2745,23.1137,12.1765,-35.0588,1.0000,23.4572
p111_dl_r15_prague_sin_rep10,dl_r15_prague_sin,10,rt,downlink,prague,ninguno,0,ninguno,-15,16.3000,16.3000,80,13.9459,13.7075,17.2527,11.0170,19.1280,1.8561,0,0,33.6968,70.8640,1.1143,2.2350,21.7759,0.7572,6.9940,101336,0,0,60859,0,0.0000,0.0000,0,12.7493,12.9000,17.2400,0.0000,14.8911,14.7000,21.9000,0.0000,15.2528,15.0000,22.6000,0.0000,0.0000,0,0.0000,0,50.5000,1.2535,5.7000,0,0.0000,26.8462,0.0000,28,7.4038,22.9865,29.9365,-36.0000,1.0000,13.9458
p112_dl_r15_cubic_rep10,dl_r15_cubic,10,rt,downlink,cubic,ninguno,0,ninguno,-15,17.4000,17.4000,79,935.1738,909.0460,1235.0030,522.2020,1302.0300,150.9261,0,1219,1952.6121,3116.5440,836.1615,1166.4646,27.6061,918.0930,1353.3030,117651,0,0,434,0,0.0000,0.0000,0,13.6597,13.8000,17.7100,0.0000,896.1500,911.5000,1178.7000,0.0000,893.9415,903.5000,1174.3500,0.0000,0.0000,0,0.0000,0,50.7885,0.7757,4.9000,0,0.0000,26.9423,0.0000,28,7.4231,22.9404,30.3000,-36.0000,1.0000,935.1738
p113_dl_r02_cubic_rep06,dl_r02_cubic,6,rt,downlink,cubic,ninguno,0,ninguno,-2,2.3700,2.3700,80,9747.4411,10602.0500,12675.2650,4434.8900,13017.3000,2437.4944,0,68,2681.5630,4116.1920,8869.9320,12753.0200,7.1299,9653.9860,13088.2950,66383,4,0,465,0,0.0000,0.0060,0,11.9137,11.4500,16.5750,0.0000,9557.1401,10445.5000,12789.9000,0.0000,9555.5216,10460.0000,12788.0000,0.0000,5.6662,0,0.0000,0,48.1250,1.0057,8.7000,0,0.1015,5.2143,0.0000,28,5.0357,22.4607,4.0304,-34.0893,1.0000,9747.4259
p114_dl_r02_prague_marc_rep08,dl_r02_prague_marc,8,rt,downlink,prague,ninguno,0,ninguno,-2,2.3000,2.2900,77,28.6444,27.7180,40.5068,19.6380,46.1660,5.6421,4880,0,12.0096,36.2720,10.8535,23.9409,6.8965,9.2145,35.3680,56398,1,0,8611,3543,41.1450,0.0018,10000,12.6143,13.1500,16.7000,0.0000,27.7902,26.6000,43.6000,0.0000,28.4880,27.8000,45.0000,0.0000,5.7204,0,0.0000,0,48.3200,0.6492,3.8000,0,0.1024,5.3600,0.0000,28,5.6600,22.4140,4.0180,-34.0200,1.0000,28.6445
p115_dl_r06_prague_sin_rep10,dl_r06_prague_sin,10,rt,downlink,prague,ninguno,0,ninguno,-6,7.6500,7.6500,80,2484.9476,2458.6050,2642.0490,2327.2100,2688.3100,91.5853,0,0,2283.5000,2786.9760,2275.6341,2655.0242,18.9011,2491.1121,2724.7740,79844,0,0,29548,0,0.0000,0.0000,0,12.0717,11.8500,16.6550,0.0000,2408.2818,2504.0000,2667.0000,0.0000,2408.4227,2507.0000,2671.0000,0.0000,7.5766,0,0.0000,0,49.8868,1.1225,4.3000,0,0.0949,16.3208,0.0000,28,8.3774,22.8943,12.3396,-35.0377,1.0000,2484.9525
p116_ul_cubic_rep09,ul_cubic,9,rt,uplink,cubic,ninguno,0,ninguno,-50,7.3200,7.3200,82,3806.3746,3799.6850,4284.9690,2758.7000,4291.2700,343.3548,0,0,0.2807,7.4720,0.0023,0.0000,4.8328,0.7962,3.1610,15709,0,0,449,0,0.0000,0.0000,0,14.3470,14.4000,18.8550,0.0000,3643.1696,3772.0000,4290.7000,0.0000,3634.9638,3762.0000,4288.0000,0.0000,0.0000,0,0.0000,0,54.6038,0.8892,4.4000,0,0.0000,27.1698,0.0000,28,22.9245,23.7528,46.8208,-36.0000,1.0000,3806.3880
p117_dl_r20_prague_sin_rep06,dl_r20_prague_sin,6,rt,downlink,prague,ninguno,0,ninguno,-20,15.5000,15.5000,80,12.9696,12.7730,15.5742,10.8310,17.4310,1.5071,0,0,33.9364,75.2880,0.9794,1.5420,22.1900,0.6461,4.6580,91149,0,0,58120,0,0.0000,0.0000,0,12.0197,11.7500,16.7650,0.0000,14.7438,14.9000,21.5000,0.0000,14.6945,14.8000,21.6000,0.0000,0.0000,0,0.0000,0,50.3529,1.0458,4.2000,0,0.0000,27.1373,0.0000,28,6.8039,23.1000,39.6353,-36.0000,1.0000,12.9696
p118_dl_r10_prague_sin_rep05,dl_r10_prague_sin,5,rt,downlink,prague,ninguno,0,ninguno,-10,13.8000,13.8000,79,1224.0890,1239.1800,1309.2230,1016.4900,1324.5900,66.3056,0,0,2040.2907,2540.9520,1103.8143,1308.2166,27.6127,1211.9753,1368.1520,100975,0,0,51320,0,0.0000,0.0000,0,12.9437,13.3000,16.6550,0.0000,1173.8512,1229.0000,1324.2500,0.0000,1171.4575,1227.5000,1325.0000,0.0000,5.1413,0,0.0000,0,49.5769,0.8793,4.5000,0,0.0977,23.7500,0.0000,28,7.2692,23.1692,20.0904,-35.5962,1.0000,1224.0899
p119_dl_r04_prague_marc_rep07,dl_r04_prague_marc,7,rt,downlink,prague,ninguno,0,ninguno,-4,4.7600,4.7500,77,25.6362,24.1970,35.8542,16.7400,38.7470,5.2552,6411,0,21.4313,48.3040,8.0675,15.7116,11.9830,7.4121,24.8540,65199,0,0,17398,4533,26.0547,0.0000,10000,13.0550,12.8500,17.5550,0.0000,25.1138,25.0000,37.8000,0.0000,24.7672,24.7000,37.2000,0.0000,6.0306,0,0.0000,0,49.7600,1.1950,11.2000,0,0.0904,11.3800,0.0000,28,7.0800,22.7380,8.2412,-35.0000,1.0000,25.6359
p120_dl_r06_prague_sin_rep04,dl_r06_prague_sin,4,rt,downlink,prague,ninguno,0,ninguno,-6,7.6500,7.6500,82,2542.6473,2538.0500,2724.7425,2329.2800,2792.8400,111.3488,0,2,2316.8178,2860.4960,2312.4033,2725.5912,18.5031,2531.3957,2804.1520,79643,0,0,29480,0,0.0000,0.0000,0,12.3070,12.7500,16.7100,0.0000,2437.5753,2539.0000,2754.6500,0.0000,2437.2835,2540.5000,2756.1000,0.0000,7.4972,0,0.0000,0,49.9231,1.1325,4.1000,0,0.0913,16.8846,0.0000,28,8.5962,22.5135,12.1692,-35.0962,1.0000,2542.6751
p121_dl_r15_cubic_rep05,dl_r15_cubic,5,rt,downlink,cubic,ninguno,0,ninguno,-15,17.4000,17.4000,79,928.9228,928.0550,1183.6320,480.5320,1321.6500,148.0894,0,1286,1959.1074,3160.2480,838.6807,1172.6458,26.5982,920.5103,1361.7870,117334,0,0,434,0,0.0000,0.0000,0,13.1733,13.0500,17.5650,0.0000,894.7426,909.0000,1205.9000,0.0000,893.8624,907.5000,1184.4000,0.0000,0.0000,0,0.0000,0,50.4231,1.0885,5.6000,0,0.0000,26.5192,0.0000,28,5.6154,22.9250,30.3269,-36.0000,1.0000,928.9249
p122_ul_cubic_rep01,ul_cubic,1,rt,uplink,cubic,ninguno,0,ninguno,-50,7.3200,7.3200,81,3796.6210,3786.6600,4275.4700,2755.8100,4292.0000,341.0593,0,0,0.2908,7.3280,0.0019,0.0000,5.0110,0.7974,4.4110,15710,0,0,449,0,0.0000,0.0000,0,14.5870,15.2500,18.8100,0.0000,3640.3893,3761.0000,4287.7000,0.0000,3637.5527,3765.0000,4288.6500,0.0000,0.0000,0,0.0000,0,54.6038,1.1208,21.0000,0,0.0000,26.8868,0.0000,28,22.9245,23.5830,46.8434,-36.0000,1.0000,3796.6017
p123_dl_r04_prague_sin_rep08,dl_r04_prague_sin,8,rt,downlink,prague,ninguno,0,ninguno,-4,4.8900,4.8900,81,4068.3781,4054.9500,4382.1400,3676.6900,4406.2300,195.8806,0,0,2319.1290,2818.1920,3712.8435,4355.6963,13.2078,4047.7692,4539.3580,72799,0,0,19693,0,0.0000,0.0000,0,12.4593,12.7000,16.7550,0.0000,3982.8337,4051.0000,4389.0000,0.0000,3981.9978,4051.0000,4389.5000,0.0000,6.1025,0,0.0000,0,49.0185,1.1671,5.6000,0,0.0906,11.2593,0.0000,28,7.1481,22.5074,8.2556,-35.0000,1.0000,4068.3495
p124_dl_r15_prague_sin_rep01,dl_r15_prague_sin,1,rt,downlink,prague,ninguno,0,ninguno,-15,16.1000,16.1000,80,13.5390,13.4020,16.1187,11.1000,17.8150,1.5322,0,0,37.7210,81.2160,0.7758,1.4110,24.8595,0.7229,9.1240,99074,0,0,60412,0,0.0000,0.0000,0,12.3853,12.6000,16.8550,0.0000,15.5864,15.8000,22.8000,0.0000,15.2221,15.0000,23.0000,0.0000,0.0000,0,0.0000,0,50.5385,0.9716,7.2000,0,0.0000,26.6731,0.0000,28,8.4808,23.0481,30.5250,-36.0000,1.0000,13.5390
p125_dl_r04_cubic_rep02,dl_r04_cubic,2,rt,downlink,cubic,ninguno,0,ninguno,-4,4.8500,4.8500,81,4266.7231,4676.9800,5791.5000,347.7480,5981.3200,1218.6869,0,1333,2493.8666,4031.4960,3954.7945,5742.6000,13.1171,4302.4157,6267.1720,74626,0,0,456,0,0.0000,0.0000,0,12.5590,12.2500,17.2950,0.0000,4292.6879,4706.0000,5755.7000,0.0000,4294.7912,4713.0000,5744.6000,0.0000,6.0239,0,0.0000,0,48.3818,0.9921,8.4000,0,0.0911,11.2364,0.0000,28,5.8545,22.5327,8.2382,-35.0000,1.0000,4266.7231
p126_dl_r20_prague_sin_rep07,dl_r20_prague_sin,7,rt,downlink,prague,ninguno,0,ninguno,-20,15.1000,15.1000,80,12.7472,12.2590,15.7187,10.3150,18.7350,1.7098,0,0,30.0178,60.3360,0.8103,2.1220,19.6425,0.6235,5.0070,88211,0,0,56708,0,0.0000,0.0000,0,11.7020,11.7000,16.2950,0.0000,14.7508,14.5000,23.1000,0.0000,14.7882,14.8000,22.0000,0.0000,0.0000,0,0.0000,0,50.1887,1.5821,7.8000,0,0.0000,26.4906,0.0000,28,7.9811,23.0434,39.5170,-36.0000,1.0000,12.7473
p127_dl_r10_prague_marc_rep02,dl_r10_prague_marc,2,rt,downlink,prague,ninguno,0,ninguno,-10,13.4000,13.4000,77,22.0714,19.9400,37.9786,13.2090,46.5390,6.6162,8120,0,44.6973,114.3040,6.1417,13.8783,24.2399,6.1740,35.3010,95284,0,0,48773,5657,11.5986,0.0000,10000,13.2647,13.7500,16.8550,0.0000,22.6672,21.3000,39.6000,0.0000,22.4366,21.6000,39.3000,0.0000,5.3069,0,0.0000,0,49.8235,1.1157,10.6000,0,0.0941,23.4118,0.0000,28,7.7647,23.0980,20.3784,-35.5882,1.0000,22.0713
p128_dl_r08_cubic_rep04,dl_r08_cubic,4,rt,downlink,cubic,ninguno,0,ninguno,-8,11.2000,11.2000,81,1525.2556,1408.9500,2394.2800,626.1990,2414.2900,425.2977,0,2210,2048.1177,4098.5360,1395.5435,2241.5947,21.8329,1532.4041,2748.6820,93431,0,0,442,0,0.0000,0.0000,0,12.1733,11.7500,16.8100,0.0000,1501.6731,1419.0000,2290.0000,0.0000,1501.1027,1415.0000,2290.0000,0.0000,5.5246,0,0.0000,0,50.1538,1.3814,5.7000,0,0.0861,20.7308,0.0000,28,8.6346,22.6135,16.4472,-35.2830,1.0000,1525.2395
p129_dl_r50_prague_sin_rep05,dl_r50_prague_sin,5,rt,downlink,prague,ninguno,0,ninguno,-50,17.3000,17.3000,78,925.1347,919.5485,1002.7735,843.4380,1008.8800,46.3405,0,0,1963.6968,2433.7280,836.9997,993.7771,26.6295,919.1748,1025.0650,116503,0,0,64291,0,0.0000,0.0000,0,12.0327,11.7000,16.8000,0.0000,889.7975,932.0000,1009.4500,0.0000,890.5841,932.0000,1010.0000,0.0000,0.0000,0,0.0000,0,51.2745,0.8908,5.1000,0,0.0000,26.9804,0.0000,28,8.5882,23.0706,46.8059,-36.0000,1.0000,925.1351
p130_dl_r10_prague_sin_rep10,dl_r10_prague_sin,10,rt,downlink,prague,ninguno,0,ninguno,-10,13.9000,13.8000,79,1217.0003,1221.1500,1311.9520,1033.8500,1329.5200,66.8534,0,0,2032.3870,2545.4640,1088.1567,1297.5430,26.8707,1195.1898,1354.1350,101820,0,0,51928,0,0.0000,0.0000,0,13.2647,13.4000,17.1650,0.0000,1158.5510,1213.0000,1315.0000,0.0000,1159.7312,1210.0000,1312.0000,0.0000,5.1984,0,0.0000,0,49.9808,1.0928,17.1000,0,0.0974,23.7885,0.0000,28,7,23.1327,19.9885,-35.5769,1.0000,1216.9917
p131_dl_r20_prague_marc_rep03,dl_r20_prague_marc,3,rt,downlink,prague,ninguno,0,ninguno,-20,17.0000,17.0000,76,18.5587,18.5115,22.5835,12.0720,23.7440,2.4061,7557,0,48.5417,106.9600,5.2815,10.8292,24.7750,6.0226,17.5380,111741,0,0,61943,5358,8.6499,0.0000,10000,12.0173,11.3500,16.7100,0.0000,20.2676,20.5000,28.1000,0.0000,20.0889,20.3000,28.2000,0.0000,0.0000,0,0.0000,0,50.7059,1.4291,8.6000,0,0.0000,26.2941,0.0000,28,7.7059,23.1059,39.4647,-36.0000,1.0000,18.5585
p132_dl_r20_cubic_rep04,dl_r20_cubic,4,rt,downlink,cubic,ninguno,0,ninguno,-20,17.4000,17.4000,79,834.8145,809.9540,1149.7450,499.1460,1321.2800,152.8348,0,1568,1757.5688,3195.7360,751.4286,1138.7494,29.4233,824.7276,1350.1510,117815,0,0,437,0,0.0000,0.0000,0,12.3777,12.8000,16.7550,0.0000,803.7884,791.0000,1150.9000,0.0000,807.1332,793.5000,1153.9000,0.0000,0.0000,0,0.0000,0,50.4706,1.4425,5.6000,0,0.0000,26.9412,0.0000,28,7.1176,22.8922,39.3196,-36.0000,1.0000,834.8060
p133_dl_r08_prague_sin_rep10,dl_r08_prague_sin,10,rt,downlink,prague,ninguno,0,ninguno,-8,11.1000,11.1000,80,1117.0354,1132.6500,1159.7050,750.0710,1169.5400,54.7581,0,1,1520.4100,1766.3040,1002.7885,1145.3834,23.0839,1100.4620,1167.0600,92210,0,0,42055,0,0.0000,0.0000,0,13.2870,13.8500,17.4750,0.0000,1085.2511,1132.0000,1163.0000,0.0000,1086.3674,1132.0000,1163.0000,0.0000,5.5787,0,0.0000,0,50.1731,1.6657,16.6000,0,0.0912,20.7115,0.0000,28,7.1154,23.0865,16.0558,-35.3269,1.0000,1117.0389
p134_dl_r10_cubic_rep09,dl_r10_cubic,9,rt,downlink,cubic,ninguno,0,ninguno,-10,15.8000,15.7000,79,912.4694,865.0390,1214.5220,507.0690,1461.9700,203.3722,0,1730,1739.6562,3274.4720,824.0739,1330.5452,31.4434,904.2332,1535.8580,108834,0,0,438,0,0.0000,0.0000,0,12.2423,12.7000,16.6650,0.0000,892.8943,865.5000,1368.7500,0.0000,891.0486,868.0000,1365.3500,0.0000,6.7278,0,0.0000,0,49.0577,1.5374,5.0000,0,0.0712,25.6923,0.0000,28,6.8462,22.7135,20.4404,-35.5577,1.0000,912.4701
p135_dl_r50_cubic_rep02,dl_r50_cubic,2,rt,downlink,cubic,ninguno,0,ninguno,-50,17.4000,17.4000,79,937.9727,922.2010,1237.5720,567.1270,1359.9600,151.6598,0,1212,1908.9166,3216.7040,817.8348,1166.7683,24.3895,917.0758,1357.0080,117790,0,0,434,0,0.0000,0.0000,0,12.3627,11.6500,17.6550,0.0000,898.2620,907.0000,1197.9000,0.0000,898.8580,904.0000,1198.4000,0.1613,0.0000,0,0.0000,0,50.1923,1.1200,10.0000,0,0.0000,27,0.0000,28,6.9423,22.7577,46.7731,-36.0000,1.0000,937.9697
p136_dl_r02_prague_marc_rep05,dl_r02_prague_marc,5,rt,downlink,prague,ninguno,0,ninguno,-2,2.2400,2.2400,77,28.5571,27.9270,38.8188,18.6870,52.3590,5.6295,4788,1,11.7296,34.5920,10.9073,24.9192,6.7528,9.3333,39.0890,55416,5,0,8302,3464,41.7249,0.0090,10000,12.9400,13.5000,16.8750,0.0000,28.9104,28.7000,46.6000,0.0000,29.6006,28.5000,46.5000,0.0000,5.5289,0,0.0000,0,48.2941,0.8336,3.9000,0,0.0985,5.4118,0.0000,28,5.6471,22.3961,4.5961,-34.0980,1.0000,28.5570
p137_dl_r04_prague_marc_rep04,dl_r04_prague_marc,4,rt,downlink,prague,ninguno,0,ninguno,-4,4.7500,4.7500,77,24.8520,23.9590,33.4698,17.0390,42.4830,4.7840,6346,0,21.5900,48.3040,7.9758,15.8770,12.1609,7.3977,28.0150,64793,0,0,17359,4471,25.7561,0.0000,10000,12.5443,12.6000,17.0750,0.0000,25.5321,25.5000,37.7000,0.0000,24.3569,24.2000,36.8000,0.0000,5.9617,0,0.0000,0,50.1600,1.1741,4.4000,0,0.0947,11.2800,0.0000,28,7.9600,22.6280,8.0340,-35.0000,1.0000,24.8519
p138_dl_r10_cubic_rep01,dl_r10_cubic,1,rt,downlink,cubic,ninguno,0,ninguno,-10,13.9000,13.9000,79,1120.3963,1020.9000,1581.8980,426.2610,1731.4800,267.0158,0,1273,1849.4532,3474.7680,1011.2964,1655.5351,26.5256,1108.8154,1923.0660,101528,0,0,440,0,0.0000,0.0000,0,11.7963,11.8500,16.3050,0.0000,1078.9940,1022.5000,1688.5000,0.0000,1076.1708,1021.0000,1675.0000,0.0000,5.2183,0,0.0000,0,49.7843,1.2967,8.9000,0,0.1018,23.9608,0.0000,28,7.3922,22.7922,20.3490,-35.6667,1.0000,1120.3849
p139_dl_r04_prague_marc_rep09,dl_r04_prague_marc,9,rt,downlink,prague,ninguno,0,ninguno,-4,4.7800,4.7800,77,23.2061,23.0440,31.6658,17.2950,33.7270,3.6104,6408,0,21.4007,51.2240,8.0805,15.7714,11.9230,7.4221,23.7180,65108,0,0,17381,4490,25.8328,0.0000,10000,12.7217,13.0500,16.6550,0.0000,24.4660,24.5000,38.0000,0.0000,24.9824,25.0000,37.6000,0.0000,6.0060,0,0.0000,0,49.3725,1.0335,4.6000,0,0.0891,11.3137,0.0000,28,7.5098,22.7255,8.3549,-35.0000,1.0000,23.2060
p140_dl_r08_prague_sin_rep02,dl_r08_prague_sin,2,rt,downlink,prague,ninguno,0,ninguno,-8,11.0000,11.0000,80,1642.5056,1656.3750,1741.1220,1475.4700,1774.8000,73.2555,0,0,2183.5995,2717.5360,1475.4110,1742.0323,22.5985,1619.0685,1860.9440,92116,0,0,41912,0,0.0000,0.0000,0,13.2690,13.4500,17.6750,0.0000,1561.6896,1634.0000,1756.1000,0.0000,1565.0674,1637.0000,1753.0000,0.0000,5.5040,0,0.0000,0,50.9615,1.1978,5.0000,0,0.0926,20.6923,0.0000,28,5.9423,23.1750,16.0500,-35.2692,1.0000,1642.5056
p141_dl_r06_prague_marc_rep03,dl_r06_prague_marc,3,rt,downlink,prague,ninguno,0,ninguno,-6,7.5600,7.5500,77,23.1038,22.5280,30.9438,16.2380,34.5530,4.3582,7000,2,31.8134,73.8720,6.8152,13.7159,17.7677,6.6031,23.2210,74428,1,0,27631,4871,17.6288,0.0013,10000,12.5117,12.7500,16.8550,0.0000,24.0922,24.2000,35.5000,0.0000,23.4706,23.0000,35.6000,0.0000,7.5141,0,0.0000,0,49.2400,1.0800,4.3000,0,0.0931,16.7800,0.0000,28,6.2400,22.9640,12.2640,-35.0200,1.0000,23.1038
p142_dl_r04_prague_marc_rep08,dl_r04_prague_marc,8,rt,downlink,prague,ninguno,0,ninguno,-4,4.7800,4.7800,76,23.5306,23.0915,31.8530,16.0880,36.1940,4.4104,6243,0,21.6642,49.8080,7.8738,15.4289,12.2928,7.3329,23.5550,64720,1,0,17383,4398,25.3006,0.0015,10000,13.8160,13.6000,17.7000,0.0000,25.0527,24.5000,37.5000,0.0000,24.7848,25.1000,37.0000,0.0000,5.9749,0,0.0000,0,50.3725,1.1393,4.1000,0,0.0880,11.1569,0.0000,28,8.9216,22.7039,8.6680,-35.0000,1.0000,23.5306
p143_dl_r06_prague_sin_rep08,dl_r06_prague_sin,8,rt,downlink,prague,ninguno,0,ninguno,-6,7.6600,7.6500,81,1505.3409,1506.5500,1536.0200,1456.7600,1543.5600,23.3208,0,1,1391.8549,1605.9040,1358.9762,1524.6480,19.1728,1487.9706,1534.2670,80264,1,0,29685,0,0.0000,0.0012,0,12.9083,13.0500,17.5100,0.0000,1481.5397,1508.0000,1540.0000,0.0000,1484.7694,1508.0000,1541.0000,0.0000,7.6185,0,0.0000,0,49.5962,1.1614,4.6000,0,0.0955,16.8462,0.0000,28,7.0769,22.8423,12.3212,-35.0385,1.0000,1505.3420
p144_dl_r02_prague_sin_rep04,dl_r02_prague_sin,4,rt,downlink,prague,ninguno,0,ninguno,-2,2.3200,2.3200,82,6346.7130,4703.5400,9049.8205,2453.8800,9274.6200,2414.3517,0,1,1499.9803,2797.7120,5586.1922,9049.9906,7.6629,6042.8645,9340.5170,72751,1,0,10930,0,0.0000,0.0014,0,13.1127,12.6500,17.5550,0.0000,6202.5264,4693.0000,9088.0000,0.0000,6200.1037,4696.0000,9084.0000,0.0000,5.6335,0,0.0000,0,48.2373,1.1121,42.1000,0,0.1013,5.2373,0.0000,28,5.3898,22.4559,4.0780,-34.0339,1.0000,6346.6709
p145_dl_r20_prague_marc_rep02,dl_r20_prague_marc,2,rt,downlink,prague,ninguno,0,ninguno,-20,17.1000,17.1000,77,19.0756,19.3180,22.7496,13.3870,24.6850,2.6905,7565,0,49.9931,103.7760,5.9814,11.5495,24.7319,5.9963,15.9200,111857,0,0,61968,5335,8.6093,0.0000,10000,12.1890,12.0500,16.7000,0.0000,19.8387,20.0000,28.1000,0.0000,20.2104,20.6000,28.5000,0.0000,0.0000,0,0.0000,0,51.5600,1.1235,6.9000,0,0.0000,26.9200,0.0000,28,8.4000,23.2560,39.4340,-36.0000,1.0000,19.0756
p146_dl_r50_cubic_rep04,dl_r50_cubic,4,rt,downlink,cubic,ninguno,0,ninguno,-50,17.4000,17.4000,79,934.9451,913.9360,1234.2090,501.9880,1272.7500,151.5300,0,1412,1921.1216,3199.4400,821.2929,1166.8603,28.9550,920.9535,1353.0050,117943,0,0,433,0,0.0000,0.0000,0,11.8283,11.2000,16.9000,0.0000,898.2620,905.5000,1191.0500,0.0000,898.3287,906.0000,1181.8000,0.1613,0.0000,0,0.0000,0,50.2453,0.7108,4.6000,0,0.0000,26.7170,0.0000,28,7.5472,22.7604,46.8434,-36.0000,1.0000,934.9465
p147_dl_r02_prague_marc_rep02,dl_r02_prague_marc,2,rt,downlink,prague,ninguno,0,ninguno,-2,2.2800,2.2800,77,28.2408,27.1500,37.9294,19.3080,49.4580,5.6408,4830,1,12.1441,37.7760,10.8745,24.3510,7.0195,9.3227,41.7480,55707,11,0,8510,3521,41.3749,0.0197,10000,12.2417,12.8500,16.1100,0.0000,29.0239,28.3000,47.6000,0.0000,29.1430,28.9000,45.8000,0.0000,5.7343,0,0.0000,0,48.3922,1.1058,37.3000,0,0.1001,5.2353,0.0000,28,5.7451,22.4451,4.3471,-34.0784,1.0000,28.2407
p148_dl_r04_cubic_rep08,dl_r04_cubic,8,rt,downlink,cubic,ninguno,0,ninguno,-4,4.8100,4.8100,80,3708.7308,3884.0800,5223.2410,1173.5400,5923.4800,898.8664,0,857,2033.5261,3963.1920,3344.3835,5104.9120,12.6050,3654.0288,6206.4980,69618,2,0,455,0,0.0000,0.0029,0,13.5610,13.9000,17.4100,0.0000,3516.0535,3633.5000,5157.7000,0.0000,3514.8688,3638.0000,5149.1500,0.0000,5.9072,0,0.0000,0,48.6038,0.9921,8.1000,0,0.0865,10.9057,0.0000,28,6.3396,22.4491,8.4283,-35.0000,1.0000,3708.7336
p149_dl_r08_prague_marc_rep10,dl_r08_prague_marc,10,rt,downlink,prague,ninguno,0,ninguno,-8,11.0000,11.0000,76,21.4764,20.6100,31.3335,12.0630,35.3780,4.7931,7636,0,39.8206,85.9040,6.2055,12.7741,21.8787,6.1785,22.2630,87009,0,0,39782,5317,13.3653,0.0000,10000,12.6233,12.7000,17.5500,0.0000,22.1944,21.7000,35.8000,0.0000,22.1309,21.6000,34.1000,0.0000,5.4862,0,0.0000,0,50.1600,1.1541,6.6000,0,0.0813,20.4600,0.0000,28,5.9600,23.2420,16.1720,-35.3600,1.0000,21.4765
p150_dl_r20_prague_sin_rep04,dl_r20_prague_sin,4,rt,downlink,prague,ninguno,0,ninguno,-20,17.3000,17.3000,78,898.5834,901.2800,947.3727,840.0770,957.7180,32.9555,0,0,1907.0719,2310.2240,809.3560,941.2110,30.6969,889.4596,969.4320,116689,0,0,64400,0,0.0000,0.0000,0,12.3947,12.4500,16.6100,0.0000,862.1401,903.0000,957.0000,0.0000,861.7216,904.0000,957.0000,0.0000,0.0000,0,0.0000,0,50.3269,1.0457,4.0000,0,0.0000,26.7115,0.0000,28,7.6731,23.2269,39.1692,-36.0000,1.0000,898.5735
p151_dl_r06_cubic_rep10,dl_r06_cubic,10,rt,downlink,cubic,ninguno,0,ninguno,-6,7.7200,7.7200,82,2057.2068,1846.4500,3485.6485,675.2230,3558.8900,617.8688,0,1753,1854.8949,3924.7200,1864.9566,3287.2315,19.1163,2039.2434,3804.7460,81251,0,0,447,0,0.0000,0.0000,0,12.4233,12.2500,17.1500,0.0000,2032.4888,1851.0000,3314.2500,0.0000,2031.3978,1856.0000,3335.6000,0.0000,7.4844,0,0.0000,0,48.6226,0.8764,4.7000,0,0.0949,16.6415,0.0000,28,5.9623,22.6038,12.4604,-35.0566,1.0000,2057.2044
p152_dl_r08_prague_marc_rep09,dl_r08_prague_marc,9,rt,downlink,prague,ninguno,0,ninguno,-8,11.0000,11.0000,76,21.5516,20.2105,33.3407,14.3010,40.3340,5.4868,7674,0,38.8193,94.9280,6.2799,12.6510,20.8284,6.2018,25.5000,87378,0,0,39900,5390,13.5088,0.0000,10000,12.3413,12.2500,16.8550,0.0000,22.0842,22.0000,34.0000,0.0000,22.3381,21.9000,32.9000,0.0000,5.5462,0,0.0000,0,51,1.0050,4.5000,0,0.0857,21.0600,0.0000,28,6.1800,23.1720,16.4540,-35.2600,1.0000,21.5516
p153_dl_r02_prague_marc_rep01,dl_r02_prague_marc,1,rt,downlink,prague,ninguno,0,ninguno,-2,3.3300,3.3300,77,28.0112,28.3230,33.4228,20.1860,38.8610,3.3942,5394,3,17.5566,40.6080,8.6432,17.7921,10.2140,7.7663,23.8060,58234,5,0,12369,3856,31.1747,0.0086,10000,13.0993,13.7500,17.1300,0.0000,29.4498,29.6000,42.8000,0.0000,29.6931,29.8000,42.1000,0.0000,9.6227,0,0.0000,0,48.9804,0.7493,10.0000,0,0.0998,7.4118,0.0000,28,7.2941,22.6667,4.1902,-34.0392,1.0000,28.0112
p154_dl_r15_prague_sin_rep09,dl_r15_prague_sin,9,rt,downlink,prague,ninguno,0,ninguno,-15,17.3000,17.3000,78,866.9178,868.2345,894.2473,791.8320,902.7870,18.9969,0,0,1831.0594,2152.1280,778.6993,882.5154,26.3537,855.3501,896.8550,116785,0,0,64401,0,0.0000,0.0000,0,12.6173,12.2000,17.4650,0.0000,837.3245,871.0000,897.5500,0.0000,836.1527,872.0000,899.0000,0.0000,0.0000,0,0.0000,0,50.5000,1.3828,30.6000,0,0.0000,26.8846,0.0000,28,7.8846,23.2692,30.2635,-36.0000,1.0000,866.9056
p155_dl_r50_prague_sin_rep02,dl_r50_prague_sin,2,rt,downlink,prague,ninguno,0,ninguno,-50,17.3000,17.3000,78,885.7293,887.4210,922.5424,842.3250,935.3630,24.4130,0,0,1873.8007,2272.5360,797.4898,916.1547,26.8333,875.9398,949.3210,116548,0,0,64343,0,0.0000,0.0000,0,13.4363,13.4500,17.6100,0.0000,847.8548,890.0000,930.5000,0.0000,847.8459,890.0000,932.0000,0.0000,0.0000,0,0.0000,0,51.6275,0.9383,3.6000,0,0.0000,27.2745,0.0000,28,8.7843,23.1902,46.8059,-36.0000,1.0000,885.7307
p156_ul_prague_rep03,ul_prague,3,rt,uplink,prague,ninguno,0,ninguno,-50,7.2600,7.2600,81,2703.9289,2701.7100,2828.6300,2538.1200,2848.3200,87.2089,0,0,0.5009,4.2040,0.0001,0.0000,7.2767,0.7499,4.0110,22649,0,0,21286,0,0.0000,0.0000,0,13.5873,13.6500,17.8000,0.0000,2602.0533,2695.0000,2842.0000,0.0000,2610.5625,2686.0000,2843.0000,0.0000,0.0000,0,0.0000,0,54.5962,1.6164,57.1000,0,0.0000,26.9615,0.0000,28,22.9038,23.5019,46.8192,-36.0000,1.0000,2703.9268
p157_dl_r02_cubic_rep07,dl_r02_cubic,7,rt,downlink,cubic,ninguno,0,ninguno,-2,2.3600,2.3600,82,9608.0266,10593.5500,12684.5900,4365.8900,13134.0000,2526.5685,0,59,2610.4340,4081.3440,8668.1649,12715.7600,7.7261,9456.4085,13201.8770,61790,9,0,466,0,0.0000,0.0146,0,12.8917,12.7000,17.6550,0.0000,8839.7596,10117.0000,12744.4000,0.0000,8841.4497,10149.0000,12746.8000,0.0000,5.6571,0,0.0128,0,48.0769,1.3033,4.8000,0,0.0983,5.5385,0.0001,28,5.1731,22.4692,4.2423,-34.0962,1.0000,9607.9590
p158_dl_r08_cubic_rep06,dl_r08_cubic,6,rt,downlink,cubic,ninguno,0,ninguno,-8,11.2000,11.2000,79,1551.3801,1426.6100,2265.1850,552.6090,2292.2900,407.9940,0,1713,1904.7890,3943.4800,1304.0239,2202.5427,21.8343,1521.7768,2595.0540,91787,0,0,441,0,0.0000,0.0000,0,13.2637,14.2500,17.2950,0.0000,1471.9988,1415.5000,2263.1500,0.0000,1472.9870,1419.0000,2263.3000,0.1613,5.4628,0,0.0000,0,49.5926,1.1828,7.6000,0,0.0859,20.0926,0.0000,28,6.9074,22.7074,16.1407,-35.4074,1.0000,1551.3728
p159_dl_r10_cubic_rep05,dl_r10_cubic,5,rt,downlink,cubic,ninguno,0,ninguno,-10,13.9000,13.9000,81,1305.6923,1388.8100,1705.5600,432.0850,1716.5300,256.0218,0,1824,2149.5295,3407.0000,1180.1789,1664.9940,26.4271,1294.9479,1844.7180,101845,0,0,439,0,0.0000,0.0000,0,12.9430,12.9000,17.1850,0.0000,1259.5146,1350.5000,1679.5000,0.0000,1260.9526,1350.0000,1679.0000,0.0000,5.2722,0,0.0000,0,50.3077,1.1993,4.1000,0,0.0985,23.6538,0.0000,28,8.0769,22.7712,20.4615,-35.4808,1.0000,1305.6923
p160_dl_r06_prague_marc_rep08,dl_r06_prague_marc,8,rt,downlink,prague,ninguno,0,ninguno,-6,7.5500,7.5500,76,23.5497,22.9425,30.5667,13.9870,34.4450,4.3289,6925,0,30.9978,75.2880,6.7510,13.4711,17.1353,6.5843,22.5230,74299,1,0,27546,4892,17.7594,0.0013,10000,12.4597,12.7000,16.5200,0.0000,23.5618,23.5000,35.1000,0.0000,23.5272,23.2000,36.0000,0.0000,7.4158,0,0.0000,0,50.2941,1.0885,4.7000,0,0.0899,16.5294,0.0000,28,5.6275,23.0255,11.8941,-35.0392,1.0000,23.5497
p161_dl_r08_prague_sin_rep04,dl_r08_prague_sin,4,rt,downlink,prague,ninguno,0,ninguno,-8,9.5400,9.5300,80,17.9095,14.7140,35.7809,10.7780,50.9890,8.5299,0,0,27.2165,115.9840,3.8529,23.7015,15.6830,3.7131,45.8740,72103,0,0,36740,0,0.0000,0.0000,0,12.1213,11.7500,16.7200,0.0000,20.6697,17.7000,45.0000,0.0000,20.6366,17.7000,43.9000,0.0000,5.7519,0,0.0000,0,50.7222,1.4375,17.3000,0,0.0888,20.5283,0.0000,28,7.9623,22.9943,16.2547,-35.3396,1.0000,17.9096
p162_dl_r20_prague_sin_rep02,dl_r20_prague_sin,2,rt,downlink,prague,ninguno,0,ninguno,-20,15.8000,15.8000,80,13.0742,12.5975,16.4187,10.5890,17.5580,1.8052,0,0,31.4911,75.2000,0.8507,1.9884,20.6276,0.6717,10.4550,92713,0,0,58810,0,0.0000,0.0000,0,11.7073,11.2500,16.3950,0.0000,15.1434,15.3000,22.1000,0.0000,15.3905,15.6000,23.3000,0.0000,0.0000,0,0.0000,0,50.4706,1.3264,10.0000,0,0.0000,27.1765,0.0000,28,7.7647,23.0373,39.3451,-36.0000,1.0000,13.0742
p163_dl_r50_prague_marc_rep08,dl_r50_prague_marc,8,rt,downlink,prague,ninguno,0,ninguno,-50,17.1000,17.0000,76,18.5193,18.0380,22.2110,14.6820,25.9260,2.3536,7709,0,51.7347,103.7760,5.7075,11.5284,26.1354,5.9572,15.9170,111670,0,0,61893,5381,8.6940,0.0000,10000,13.1023,12.6500,17.8550,0.0000,20.5076,20.9000,29.0000,0.0000,19.9662,20.2000,28.0000,0.0000,0.0000,0,0.0000,0,50.1200,0.8833,3.7000,0,0.0000,27.2400,0.0000,28,7.0400,23.2280,46.8400,-36.0000,1.0000,18.5192
p164_ul_prague_rep08,ul_prague,8,rt,uplink,prague,ninguno,0,ninguno,-50,7.2600,7.2600,80,2699.0617,2698.7800,2823.7475,2543.2300,2843.1200,77.9938,0,0,0.4504,3.9400,0.0002,0.0000,6.5273,0.7716,3.4390,20030,0,0,18679,0,0.0000,0.0000,0,14.2450,14.2000,18.5000,0.0000,2570.6460,2680.0000,2823.5000,0.0000,2574.8300,2676.0000,2817.0000,0.0000,0.0000,0,0.0000,0,54.5962,1.1721,23.0000,0,0.0000,26.9038,0.0000,28,22.9038,23.6519,46.8308,-36.0000,1.0000,2699.0491
p165_dl_r02_cubic_rep03,dl_r02_cubic,3,rt,downlink,cubic,ninguno,0,ninguno,-2,2.6000,2.6000,80,4318.3503,3961.0650,6647.7585,2759.4500,6940.7500,1267.4874,0,4,1283.8000,2217.1200,3684.6589,6538.8413,9.8343,4130.7639,6937.3470,69425,548,0,466,0,0.0000,0.7893,0,12.2337,12.8000,16.7550,0.0000,4307.1247,4154.0000,6617.2000,0.0000,4309.2280,4152.0000,6614.0000,0.0000,7.3375,45,1.0598,31,48.1695,0.6856,4.2000,0,0.1013,5.7458,0.0072,27.2712,5.5593,22.4102,4.1424,-34.1017,1.0000,4318.3317
p166_dl_r50_prague_marc_rep03,dl_r50_prague_marc,3,rt,downlink,prague,ninguno,0,ninguno,-50,17.0000,17.0000,76,18.9949,18.7540,23.2852,14.5450,29.2390,2.4791,7502,0,53.8633,106.9600,5.6603,10.7145,28.3671,5.9754,20.4860,111858,0,0,61980,5277,8.5140,0.0000,10000,12.3263,12.2500,16.8550,0.0000,20.5419,20.5000,29.2000,0.0000,20.2438,20.0000,29.0000,0.0000,0.0000,0,0.0000,0,50.5882,1.5691,60.0000,0,0.0000,26.7843,0.0000,28,6.9804,23.2804,46.8294,-36.0000,1.0000,18.9948
p167_dl_r10_cubic_rep06,dl_r10_cubic,6,rt,downlink,cubic,ninguno,0,ninguno,-10,13.9000,13.9000,79,1114.4259,1022.4100,1655.8920,623.6900,1675.6600,276.2919,0,2042,1835.1597,3688.2480,1003.8738,1671.7063,26.2158,1101.0518,1947.5580,101239,0,0,439,0,0.0000,0.0000,0,12.5017,12.6500,15.9550,0.0000,1067.4911,1019.5000,1691.4500,0.0000,1066.5816,1017.5000,1686.0500,0.0000,5.3048,0,0.0000,0,50.0192,1.5950,6.2000,0,0.0973,23.6346,0.0000,28,7.6154,22.6654,20.2096,-35.5962,1.0000,1114.4206
p168_dl_r08_prague_marc_rep01,dl_r08_prague_marc,1,rt,downlink,prague,ninguno,0,ninguno,-8,11.0000,11.0000,76,21.7768,20.1785,33.7987,13.8490,37.5160,5.2714,7583,0,38.8097,90.3280,6.2839,12.7426,20.7695,6.2048,26.5040,87542,0,0,40162,5425,13.5078,0.0000,10000,12.5077,12.1500,17.1100,0.0000,22.3049,21.9000,34.6000,0.0000,22.5006,21.9000,35.0000,0.0000,5.5873,0,0.0000,0,50.1600,1.0143,6.1000,0,0.0886,20.7600,0.0000,28,7.3600,23.1180,16.3740,-35.2400,1.0000,21.7768
p169_dl_r10_cubic_rep04,dl_r10_cubic,4,rt,downlink,cubic,ninguno,0,ninguno,-10,14.0000,14.0000,78,1148.0384,1056.9900,1740.9155,526.0140,1765.2700,304.0283,0,1931,1788.9881,3555.8960,968.7196,1613.9281,25.8997,1112.5601,1879.0760,100859,0,0,438,0,0.0000,0.0000,0,12.2857,11.6500,16.8100,0.0000,1068.3869,1046.0000,1648.5000,0.0000,1069.9629,1044.0000,1657.5000,0.1613,5.1876,0,0.0000,0,49.6981,1.3316,4.6000,0,0.0932,23.5849,0.0000,28,7.5849,22.6623,20.1547,-35.5849,1.0000,1148.0187
p170_dl_r20_prague_sin_rep05,dl_r20_prague_sin,5,rt,downlink,prague,ninguno,0,ninguno,-20,17.3000,17.3000,78,899.3509,894.6920,946.5077,843.3680,976.9610,34.1762,0,0,1908.6126,2314.6480,811.6525,944.8652,27.8531,891.8181,968.7770,116581,0,0,64355,0,0.0000,0.0000,0,11.7223,11.5500,16.3850,0.0000,865.3837,905.0000,961.3500,0.0000,864.2958,907.0000,960.4500,0.0000,0.0000,0,0.0000,0,50.9615,1.3842,5.2000,0,0.0000,26.7692,0.0000,28,8.1346,23.0923,39.4327,-36.0000,1.0000,899.3566
p171_dl_r06_prague_marc_rep01,dl_r06_prague_marc,1,rt,downlink,prague,ninguno,0,ninguno,-6,7.5600,7.5600,78,23.2600,22.5740,30.6240,15.3690,32.2880,4.4255,6982,2,31.2173,76.7920,6.6640,13.3604,17.3476,6.5492,21.2850,74132,0,0,27587,4857,17.6061,0.0000,10000,11.6890,10.6500,16.6550,0.0000,24.4865,24.6000,36.3000,0.0000,23.9397,23.9000,36.0000,0.0000,7.6394,0,0.0000,0,50.9608,0.8558,4.2000,0,0.0926,16.6863,0.0000,28,6.2157,23.0059,12.4020,-35.0000,1.0000,23.2601
p172_dl_r04_prague_marc_rep01,dl_r04_prague_marc,1,rt,downlink,prague,ninguno,0,ninguno,-4,4.7900,4.7900,77,24.5796,24.7220,32.1814,16.7280,38.7420,4.2629,6400,3,21.7510,51.1360,8.0173,15.9207,12.2185,7.4073,28.2820,65088,0,0,17423,4485,25.7418,0.0000,10000,12.0907,11.8000,16.7550,0.0000,25.0324,25.0000,38.0000,0.0000,24.8318,24.6000,37.9000,0.0000,5.9326,0,0.0000,0,49.8000,0.9683,6.6000,0,0.0884,11.4400,0.0000,28,8.6200,22.6200,8.0000,-34.9600,1.0000,24.5795
p173_dl_r10_prague_sin_rep04,dl_r10_prague_sin,4,rt,downlink,prague,ninguno,0,ninguno,-10,13.7000,13.7000,79,1273.3289,1270.1900,1379.0070,1137.3500,1395.0800,62.5917,0,0,2088.1172,2635.6160,1134.6044,1354.9736,27.4949,1246.0120,1410.1930,100805,0,0,51119,0,0.0000,0.0000,0,12.8840,13.3000,16.8000,0.0000,1201.4645,1263.0000,1372.0000,0.0000,1201.8072,1266.0000,1372.3500,0.0000,5.2752,0,0.0000,0,51,1.2614,6.0000,0,0.1025,23.9808,0.0000,28,8.0192,23.2692,20.3346,-35.6346,1.0000,1273.3358
p174_dl_r15_cubic_rep03,dl_r15_cubic,3,rt,downlink,cubic,ninguno,0,ninguno,-15,17.4000,17.4000,79,937.2416,920.4290,1231.6310,551.8050,1340.7100,152.9733,0,1220,1955.6326,3177.6000,836.3074,1165.1027,29.6535,918.5050,1344.2520,117566,0,0,435,0,0.0000,0.0000,0,13.3683,13.7000,16.9000,0.0000,897.4841,906.0000,1183.8000,0.0000,895.1273,905.0000,1187.0000,0.0000,0.0000,0,0.0000,0,49.5769,0.7516,10.8000,0,0.0000,27,0.0000,28,7.1923,22.8712,30.0673,-36.0000,1.0000,937.2431
p175_dl_r08_cubic_rep03,dl_r08_cubic,3,rt,downlink,cubic,ninguno,0,ninguno,-8,11.2000,11.2000,80,1475.9870,1381.2900,2061.8990,416.6300,2588.0000,396.3979,0,1670,1981.7365,3952.5040,1344.7527,2149.8955,22.8360,1478.3690,2590.3430,92374,0,0,441,0,0.0000,0.0000,0,13.1163,13.4500,17.1300,0.0000,1439.9504,1387.0000,2207.2000,0.0000,1432.7741,1380.5000,2172.3000,0.0000,5.5573,0,0.0000,0,50.0392,1.0735,4.6000,0,0.0927,20.8824,0.0000,28,8.8235,22.7059,15.8098,-35.3529,1.0000,1475.9668
p176_dl_r50_cubic_rep09,dl_r50_cubic,9,rt,downlink,cubic,ninguno,0,ninguno,-50,17.4000,17.4000,78,940.1086,969.4760,1088.7510,486.1130,1130.9900,124.1721,0,1289,2008.6818,3202.4480,859.9167,1178.7930,30.0898,944.4899,1358.7470,117052,0,0,435,0,0.0000,0.0000,0,12.7383,13.3500,17.2300,0.0000,915.2853,955.0000,1205.9000,0.0000,917.7081,956.0000,1203.2000,0.0000,0.0000,0,0.0000,0,49.7600,0.8742,4.6000,0,0.0000,27.3400,0.0000,28,7.7600,22.8340,46.7800,-36.0000,1.0000,940.1006
p177_dl_r04_cubic_rep01,dl_r04_cubic,1,rt,downlink,cubic,ninguno,0,ninguno,-4,4.9500,4.9500,81,3484.6888,3301.9800,5600.9700,631.2780,5697.8200,1134.7580,0,1494,1728.7385,4041.9280,2731.9378,5354.7566,11.3861,3423.7867,6064.7950,74447,0,0,453,0,0.0000,0.0000,0,12.3723,12.2500,16.7100,0.0000,3396.1748,3205.5000,5464.6500,0.1613,3402.1530,3209.0000,5478.0000,0.1613,5.9887,0,0.0000,0,48.4667,0.7812,5.0000,0,0.0810,10.4000,0.0000,28,5.6333,22.5617,8.3867,-34.9833,1.0000,3484.6806
p178_dl_r10_prague_sin_rep01,dl_r10_prague_sin,1,rt,downlink,prague,ninguno,0,ninguno,-10,13.7000,13.7000,79,1230.7224,1237.0900,1319.6210,1125.1200,1344.4000,52.0843,0,0,2032.5600,2518.3920,1101.6291,1299.0194,26.1044,1209.1338,1348.0540,101044,0,0,51317,0,0.0000,0.0000,0,12.6623,12.9000,16.7000,0.0000,1172.8459,1225.0000,1319.4000,0.0000,1173.2239,1225.0000,1316.0000,0.0000,5.2351,0,0.0000,0,50.3269,1.1457,4.2000,0,0.0989,23.7500,0.0000,28,7.7500,23.0538,20.3154,-35.5962,1.0000,1230.7272
p179_dl_r04_prague_marc_rep05,dl_r04_prague_marc,5,rt,downlink,prague,ninguno,0,ninguno,-4,4.7000,4.7000,77,24.7129,24.1030,33.8798,17.1080,39.4480,4.6382,6387,0,21.1326,51.1360,8.1420,15.8045,11.8005,7.5023,24.2210,64733,0,0,17092,4511,26.3925,0.0000,10000,12.4137,12.2500,17.2300,0.0000,25.0924,24.8000,37.7000,0.0000,25.5450,24.9000,38.9000,0.0000,6.0911,0,0.0000,0,49.2600,1.0566,6.7000,0,0.0884,11.0600,0.0000,28,7.6600,22.4100,8.2820,-34.9800,1.0000,24.7127
p180_dl_r08_cubic_rep08,dl_r08_cubic,8,rt,downlink,cubic,ninguno,0,ninguno,-8,11.3000,11.3000,79,1599.5002,1515.2700,2207.4920,820.0200,2643.7800,385.0380,0,2438,2101.0509,3993.2080,1426.4680,2248.9405,22.8426,1564.1798,2669.9540,92353,0,0,442,0,0.0000,0.0000,0,13.4690,13.7000,17.7100,0.0000,1512.9280,1506.0000,2289.4000,0.0000,1512.4921,1505.0000,2281.1000,0.0000,5.6029,0,0.0000,0,49.5294,1.5164,25.8000,0,0.0900,21.0784,0.0000,28,8.3137,22.5686,16.5333,-35.2745,1.0000,1599.4677
p181_dl_r06_cubic_rep01,dl_r06_cubic,1,rt,downlink,cubic,ninguno,0,ninguno,-6,7.7300,7.7300,80,2824.6749,2982.5900,3570.4645,951.0830,3728.2100,576.9457,0,1534,2562.3221,3846.4240,2557.6244,3454.2580,19.1960,2798.2607,3752.0660,79285,0,0,447,0,0.0000,0.0000,0,12.5217,12.8000,17.4150,0.0000,2681.6319,2979.0000,3484.2000,0.0000,2675.3440,2957.0000,3472.6000,0.0000,7.4373,0,0.0000,0,48.6731,1.1575,6.3000,0,0.0912,16.3654,0.0000,28,6.0962,22.4615,12.0981,-35.0962,1.0000,2824.6661
p182_dl_r15_prague_sin_rep03,dl_r15_prague_sin,3,rt,downlink,prague,ninguno,0,ninguno,-15,17.3000,17.3000,78,901.6321,903.0130,950.6786,840.1580,954.4180,31.9066,0,0,1912.1064,2323.5840,811.8649,943.0930,29.6816,892.0029,969.2180,116624,0,0,64398,0,0.0000,0.0000,0,13.1150,13.7000,17.3300,0.0000,866.2787,903.0000,958.0000,0.0000,866.6696,905.0000,957.5000,0.0000,0.0000,0,0.0000,0,50.1731,0.9935,7.8000,0,0.0000,26.7692,0.0000,28,7.6923,23.2500,30.4231,-36.0000,1.0000,901.6292
p183_dl_r15_prague_sin_rep08,dl_r15_prague_sin,8,rt,downlink,prague,ninguno,0,ninguno,-15,17.3000,17.3000,78,968.0872,962.0700,1081.0435,855.1380,1106.4500,70.2441,0,0,2056.7892,2624.9120,875.5137,1073.4823,29.6636,962.1886,1099.8440,116893,0,0,64446,0,0.0000,0.0000,0,12.7840,12.4500,17.1500,0.0000,926.8678,980.0000,1091.4000,0.0000,928.1078,970.0000,1091.4000,0.0000,0.0000,0,0.0000,0,50.3654,1.0150,3.9000,0,0.0000,26.7500,0.0000,28,7.8077,23.0635,30.2423,-36.0000,1.0000,968.0713
p184_dl_r20_prague_sin_rep09,dl_r20_prague_sin,9,rt,downlink,prague,ninguno,0,ninguno,-20,17.3000,17.3000,79,204.8704,207.2310,258.0396,132.6800,261.4600,37.5855,0,1,447.1397,651.7600,174.2828,244.9908,29.7216,191.0421,256.3110,117232,0,0,64733,0,0.0000,0.0000,0,13.4260,13.7000,17.8000,0.0000,201.5036,208.5000,262.0000,0.0000,201.1314,209.0000,261.0000,0.0000,0.0000,0,0.0000,0,50.9423,1.2466,10.3000,0,0.0000,26.6154,0.0000,28,8.5000,23.2288,39.5019,-36.0000,1.0000,204.8697
p185_dl_r06_prague_marc_rep02,dl_r06_prague_marc,2,rt,downlink,prague,ninguno,0,ninguno,-6,7.5700,7.5700,77,23.5820,23.5080,31.1342,14.9200,33.1190,4.9151,7057,0,30.7874,75.2880,6.7627,13.3970,16.8907,6.5411,22.4780,74008,0,0,27488,4961,18.0479,0.0000,10000,12.7733,12.7000,17.1300,0.0000,23.8259,23.7000,35.2000,0.0000,24.6121,24.8000,36.5000,0.0000,7.5605,0,0.0000,0,49.9020,1.0871,5.3000,0,0.0899,16.7059,0.0000,28,6.2353,23.0137,12.1588,-35.0392,1.0000,23.5821
p186_dl_r08_cubic_rep10,dl_r08_cubic,10,rt,downlink,cubic,ninguno,0,ninguno,-8,11.3000,11.3000,80,1506.7089,1366.0350,2237.9295,479.3010,2733.4200,438.3807,0,1847,1996.1671,4071.1440,1351.4143,2267.8716,23.0916,1479.3659,2724.1440,92963,0,0,442,0,0.0000,0.0000,0,11.8893,12.4000,15.7000,0.0000,1445.6551,1364.5000,2297.0000,0.0000,1442.3691,1363.5000,2317.3000,0.0000,5.5638,0,0.0000,0,50.3922,1.3633,5.4000,0,0.0935,20.9412,0.0000,28,9.6471,22.6902,16.1392,-35.2353,1.0000,1506.6960
p187_dl_r02_cubic_rep09,dl_r02_cubic,9,rt,downlink,cubic,ninguno,0,ninguno,-2,2.7000,2.7000,81,8162.7522,8504.7100,11851.2000,820.3600,12987.3000,2845.3207,0,520,2459.1577,4110.3600,6994.5228,11659.2484,9.5622,7412.1386,13005.5590,70142,2,0,465,0,0.0000,0.0029,0,12.4557,12.3000,17.4500,0.0000,7711.9785,8115.0000,11715.2000,0.0000,7710.0862,8102.0000,11702.3500,0.0000,7.0538,0,0.0000,0,48.4561,0.8793,6.3000,0,0.1048,6.1404,0.0000,28,5.5965,22.4070,3.9684,-34.1053,1.0000,8162.7682
p188_dl_r08_cubic_rep09,dl_r08_cubic,9,rt,downlink,cubic,ninguno,0,ninguno,-8,11.3000,11.3000,79,1589.6733,1488.2300,2285.2470,837.7080,2447.1900,352.4348,0,1645,2123.3421,3920.9200,1442.5989,2233.1820,22.8638,1580.9669,2620.4810,91938,0,0,442,0,0.0000,0.0000,0,12.4473,12.8000,16.8000,0.0000,1534.2753,1484.0000,2276.0000,0.0000,1527.5609,1482.0000,2261.0000,0.0000,5.5644,0,0.0000,0,50.3922,0.9578,4.6000,0,0.0912,21.0196,0.0000,28,8.5294,22.5490,16.3843,-35.2745,1.0000,1589.6609
p189_dl_r04_cubic_rep03,dl_r04_cubic,3,rt,downlink,cubic,ninguno,0,ninguno,-4,4.8100,4.8100,80,4282.0236,4771.7800,5770.7110,373.6490,6247.0200,1299.6783,0,1466,2457.8069,3925.9440,3943.8360,5692.6457,13.2801,4324.7480,6243.4660,73385,0,0,456,0,0.0000,0.0000,0,12.8843,12.6000,17.0650,0.0000,4260.8678,4803.0000,5762.4500,0.0000,4253.8813,4802.0000,5784.0000,0.0000,5.9355,0,0.0000,0,48.5556,1.1828,21.4000,0,0.0897,11.3148,0.0000,28,5.8704,22.4593,7.8537,-35.0000,1.0000,4281.9935
p190_dl_r02_prague_marc_rep04,dl_r02_prague_marc,4,rt,downlink,prague,ninguno,0,ninguno,-2,3.3300,3.3300,78,28.3642,28.2430,34.0020,21.1740,35.9820,3.4526,5429,2,17.6841,39.2800,8.7138,17.7310,10.3194,7.7438,25.4880,58359,3,0,12383,3838,30.9941,0.0051,10000,12.4280,12.3000,16.7000,0.0000,28.7844,29.5000,40.8000,0.0000,29.1423,29.6000,42.2000,0.0000,9.8545,0,0.0000,0,49.2800,1.2978,9.2000,0,0.1059,7.6200,0.0000,28,6.3200,22.5960,4.0160,-34.0800,1.0000,28.3644
p191_dl_r15_prague_marc_rep06,dl_r15_prague_marc,6,rt,downlink,prague,ninguno,0,ninguno,-15,17.1000,17.1000,76,18.9775,18.7080,23.9373,12.5260,26.1530,2.5508,7661,0,41.2645,102.4480,5.1443,10.0830,21.4682,5.9819,17.9740,111784,0,0,61961,5443,8.7846,0.0000,10000,12.8657,12.6500,17.5550,0.0000,20.0660,20.1000,29.0000,0.0000,19.9672,20.0000,29.2000,0.0000,0.0000,0,0.0000,0,50.4200,1.1608,5.4000,0,0.0000,26.7000,0.0000,28,7.2000,23.2540,30.5300,-36.0000,1.0000,18.9774
p192_dl_r04_prague_sin_rep01,dl_r04_prague_sin,1,rt,downlink,prague,ninguno,0,ninguno,-4,4.7300,4.7300,80,4223.6306,4238.7050,4560.3515,3821.8000,4668.2000,224.4413,0,0,2334.4128,2788.2880,3845.6330,4636.8577,12.9177,4189.2726,4859.3790,71866,0,0,19127,0,0.0000,0.0000,0,12.6933,12.7500,17.1300,0.0000,4094.6966,4180.5000,4647.0000,0.0000,4094.2201,4189.0000,4649.2500,0.0000,5.9899,0,0.0000,0,48.9815,0.8114,4.0000,0,0.0911,11,0.0000,28,6.7593,22.4852,7.9648,-35.0000,1.0000,4223.5976
p193_dl_r20_cubic_rep01,dl_r20_cubic,1,rt,downlink,cubic,ninguno,0,ninguno,-20,17.4000,17.4000,79,926.1297,927.2000,1181.4170,499.6210,1213.2400,147.0081,0,1173,1877.1831,3140.0000,807.8740,1162.0652,23.7565,907.7044,1354.9150,116694,0,0,436,0,0.0000,0.0000,0,12.4403,12.5500,16.6000,0.0000,880.4953,891.0000,1185.6000,0.0000,881.2922,894.0000,1191.7000,0.0000,0.0000,0,0.0000,0,51.0192,1.6799,28.3000,0,0.0000,26.7885,0.0000,28,7.6538,22.7115,39.2904,-36.0000,1.0000,926.1369
p194_dl_r15_prague_sin_rep06,dl_r15_prague_sin,6,rt,downlink,prague,ninguno,0,ninguno,-15,17.3000,17.3000,79,233.1938,236.4500,278.2047,175.2600,286.5640,32.4352,0,1,503.9203,713.4240,199.9047,268.3972,26.5547,219.0569,281.0940,117379,0,0,64790,0,0.0000,0.0000,0,13.1317,13.1000,17.5000,0.0000,227.8213,235.0000,284.0000,0.0000,228.3753,235.0000,283.0000,0.0000,0.0000,0,0.0000,0,50.7843,1.1064,7.1000,0,0.0000,26.9804,0.0000,28,9.1961,23.1373,30.3353,-36.0000,1.0000,233.1946
p195_dl_r02_cubic_rep08,dl_r02_cubic,8,rt,downlink,cubic,ninguno,0,ninguno,-2,2.3600,2.3600,81,9766.6973,10546.4000,12731.5000,4555.8700,13185.7000,2454.0096,0,112,2610.8829,4108.7680,8713.9723,12769.2270,7.6373,9481.9874,13202.7340,62527,4,0,466,0,0.0000,0.0064,0,12.1347,12.0000,17.2950,0.0000,8989.4559,10340.0000,12797.0000,0.0000,8992.1355,10320.0000,12793.2000,0.0000,5.6854,0,0.0000,0,48.0185,0.8450,3.6000,0,0.1051,5.3333,0.0000,28,5.3889,22.3148,4.0093,-34.0926,1.0000,9766.6897
p196_dl_r06_prague_sin_rep02,dl_r06_prague_sin,2,rt,downlink,prague,ninguno,0,ninguno,-6,7.6700,7.6600,81,2475.3059,2463.2600,2619.4500,2301.3800,2660.8400,85.1612,0,0,2267.7165,2758.3120,2255.8753,2615.4488,18.9427,2469.5396,2699.7590,79774,1,0,29556,0,0.0000,0.0013,0,12.0603,11.6500,16.8000,0.0000,2394.5933,2489.0000,2634.9500,0.0000,2392.9804,2486.5000,2631.6500,0.0000,7.4929,0,0.0000,0,49.7885,1.4771,5.0000,0,0.0956,16.6538,0.0000,28,7.8846,22.7462,12.0904,-35.0385,1.0000,2475.2924
p197_dl_r20_prague_sin_rep08,dl_r20_prague_sin,8,rt,downlink,prague,ninguno,0,ninguno,-20,17.3000,17.3000,78,939.7700,931.9060,1026.4190,840.6320,1032.2600,56.6355,0,0,1990.2648,2483.3600,848.7581,1018.1344,26.2248,933.1882,1040.5110,116637,0,0,64373,0,0.0000,0.0000,0,12.4783,11.7500,17.1950,0.0000,899.9761,944.5000,1039.0000,0.0000,900.2394,944.5000,1030.0000,0.0000,0.0000,0,0.0000,0,50.5098,1.3800,5.4000,0,0.0000,26.9412,0.0000,28,7.0784,23.0882,39.5373,-36.0000,1.0000,939.7667
p198_dl_r50_prague_marc_rep06,dl_r50_prague_marc,6,rt,downlink,prague,ninguno,0,ninguno,-50,17.0000,17.0000,76,18.6737,18.5940,23.6075,11.9940,25.9000,2.7953,7449,0,52.2115,106.7840,5.7091,11.1173,26.9043,5.9763,17.6100,111908,0,0,62028,5257,8.4752,0.0000,10000,12.5110,12.4500,16.3300,0.0000,20.5112,20.8000,28.6000,0.0000,20.3274,20.1000,29.6000,0.0000,0.0000,0,0.0000,0,50.1200,1.0750,7.0000,0,0.0000,26.5400,0.0000,28,7.7800,23.0200,46.8040,-36.0000,1.0000,18.6735
p199_dl_r06_prague_sin_rep05,dl_r06_prague_sin,5,rt,downlink,prague,ninguno,0,ninguno,-6,7.6600,7.6600,81,2288.2395,2470.8200,2687.8200,855.5280,2716.0500,480.1819,0,1,2082.8326,2839.5280,2078.4703,2670.9098,18.7505,2272.8278,2754.9920,80508,0,0,29775,0,0.0000,0.0000,0,12.9420,12.6500,17.7100,0.0000,2222.6380,2469.0000,2700.6000,0.0000,2221.1238,2464.0000,2680.0000,0.0000,7.3891,0,0.0000,0,50.1509,1.1271,5.9000,0,0.0931,16.5849,0.0000,28,7.3396,23.0226,12.0623,-35.1321,1.0000,2288.2288
p200_dl_r08_prague_marc_rep03,dl_r08_prague_marc,3,rt,downlink,prague,ninguno,0,ninguno,-8,11.0000,11.0000,77,21.4725,20.6910,31.2942,14.6800,37.1400,4.5070,7748,1,39.2748,96.4320,6.3481,12.8959,21.1004,6.1980,28.7080,87247,0,0,39880,5488,13.7613,0.0000,10000,12.6787,12.8000,16.8550,0.0000,21.9629,21.5000,33.8000,0.0000,22.4779,22.0000,36.4000,0.0000,5.5773,0,0.0000,0,50.3725,0.9971,8.4000,0,0.0885,20.8627,0.0000,28,6.1961,23.2314,16.2412,-35.2157,1.0000,21.4725
p201_dl_r10_prague_sin_rep07,dl_r10_prague_sin,7,rt,downlink,prague,ninguno,0,ninguno,-10,13.8000,13.8000,79,1162.5586,1165.1900,1218.6480,1031.5400,1233.0100,40.7272,0,0,1945.7767,2324.2880,1044.8262,1203.3600,27.3632,1146.0202,1247.0070,101269,0,0,51543,0,0.0000,0.0000,0,13.1383,13.3500,17.1850,0.0000,1113.7588,1161.0000,1221.4000,0.0000,1113.7829,1164.0000,1219.0000,0.0000,5.2408,0,0.0000,0,50.6863,1.3635,5.2000,0,0.1013,23.9608,0.0000,28,9.1765,23.2039,19.7846,-35.6154,1.0000,1162.5686
p202_dl_r02_prague_sin_rep07,dl_r02_prague_sin,7,rt,downlink,prague,ninguno,0,ninguno,-2,2.8800,2.8800,82,5954.7427,6206.7400,9132.2070,1330.8500,9197.8900,2620.8715,0,1,1774.5427,2797.9920,5159.1974,9099.3870,10.3276,5318.5375,9332.9360,69230,5,0,13504,0,0.0000,0.0072,0,12.3360,12.6000,16.6550,0.0000,5716.3640,5989.0000,9115.0000,0.0000,5720.3542,5990.0000,9113.5000,0.0000,8.0618,0,0.0000,0,48.6786,0.7181,5.0000,0,0.1084,6.6964,0.0000,28,5.7857,22.4589,4.1929,-34.1071,1.0000,5954.7427
p203_dl_r15_prague_sin_rep05,dl_r15_prague_sin,5,rt,downlink,prague,ninguno,0,ninguno,-15,17.3000,17.3000,78,944.6491,944.4340,1030.8830,843.0410,1051.3800,57.5837,0,0,2002.6635,2493.8880,852.7162,1024.1834,29.5729,936.3294,1046.5750,116526,0,0,64298,0,0.0000,0.0000,0,12.3427,12.6000,16.6650,0.0000,900.9796,949.0000,1040.4000,0.0000,900.5444,947.0000,1040.0000,0.0000,0.0000,0,0.0000,0,51.1346,0.7485,3.8000,0,0.0000,26.4231,0.0000,28,8.0769,23.2288,30.0423,-35.9808,1.0000,944.6484
p204_dl_r10_prague_marc_rep08,dl_r10_prague_marc,8,rt,downlink,prague,ninguno,0,ninguno,-10,13.5000,13.5000,76,21.5960,20.0475,37.0602,13.6620,49.1570,6.8601,7735,0,45.8593,115.9840,6.2208,13.3772,24.6537,6.1731,34.1570,95531,0,0,49037,5457,11.1283,0.0000,10000,12.6867,12.5000,17.1400,0.0000,22.3024,21.5000,36.8000,0.0000,22.5003,21.8000,36.6000,0.0000,5.2925,0,0.0000,0,49.9200,1.2193,6.3000,0,0.0957,23.4200,0.0000,28,7.2200,23.0140,20.1900,-35.4800,1.0000,21.5960
p205_ul_prague_rep05,ul_prague,5,rt,uplink,prague,ninguno,0,ninguno,-50,7.2600,7.2600,81,2667.1137,2671.6700,2753.5700,2534.4300,2773.5100,61.1643,0,0,0.4567,5.3160,0.0068,0.0000,6.6241,0.7463,3.0460,25549,0,0,24203,0,0.0000,0.0000,0,13.7797,13.9000,18.2550,0.0000,2553.6751,2649.0000,2758.5500,0.0000,2553.8240,2648.0000,2756.5500,0.0000,0.0000,0,0.0000,0,54.4717,1.4550,43.4000,0,0.0000,26.4340,0.0000,28,22.5660,23.5811,46.8208,-36.0000,1.0000,2667.1387
p206_dl_r02_cubic_rep05,dl_r02_cubic,5,rt,downlink,cubic,ninguno,0,ninguno,-2,2.3400,2.3400,80,9739.9566,10603.1000,12653.4350,4587.4000,13040.9000,2403.2287,0,102,2601.6974,4110.2720,8764.6793,12808.1483,7.4880,9510.4328,13159.5360,62766,7,0,466,0,0.0000,0.0112,0,12.0637,11.8000,16.7550,0.0000,9083.3355,10353.0000,12836.8000,0.0000,9085.4194,10356.0000,12828.6000,0.0000,5.7290,0,0.0000,0,48.1111,0.7136,3.7000,0,0.1027,5.2593,0.0000,28,5.1852,22.4019,3.8963,-34.0556,1.0000,9739.9414
p207_dl_r06_prague_marc_rep04,dl_r06_prague_marc,4,rt,downlink,prague,ninguno,0,ninguno,-6,7.5700,7.5700,77,23.0709,22.4110,30.2836,15.8350,34.5290,4.2047,7010,1,32.0842,75.2000,6.8433,13.8442,17.9818,6.6719,22.1550,74440,0,0,27614,4946,17.9112,0.0000,10000,13.2453,12.8500,18.4500,0.0000,24.3034,24.7000,35.9000,0.0000,23.7719,23.9000,35.1000,0.0000,7.4533,0,0.0000,0,50.4510,0.7500,4.5000,0,0.0887,16.0392,0.0000,28,6.6078,23.1294,12.1118,-35.0588,1.0000,23.0709
p208_dl_r04_prague_marc_rep10,dl_r04_prague_marc,10,rt,downlink,prague,ninguno,0,ninguno,-4,4.6600,4.6600,77,23.5155,22.9070,30.9228,17.7630,38.8480,4.0675,6376,1,20.9935,51.3120,8.1115,16.1085,11.7896,7.4464,25.0980,64575,0,0,16986,4488,26.4218,0.0000,10000,13.2560,13.1500,17.7550,0.0000,25.0284,25.4000,37.5000,0.0000,25.5735,25.7000,36.8000,0.0000,6.0648,0,0.0000,0,49.4902,1.2791,9.1000,0,0.0912,10.6471,0.0000,28,8.4314,22.6725,8.1588,-35.0000,1.0000,23.5153
p209_dl_r15_prague_marc_rep09,dl_r15_prague_marc,9,rt,downlink,prague,ninguno,0,ninguno,-15,17.1000,17.1000,76,18.9224,18.4465,23.8550,10.2910,25.8360,2.9010,7503,0,48.1809,108.2880,5.1712,10.6002,24.6857,5.9639,32.5010,111957,0,0,62054,5198,8.3766,0.0000,10000,12.7800,12.7000,17.2300,0.0000,19.7123,19.4000,29.1000,0.0000,19.7826,19.9000,27.8000,0.0000,0.0000,0,0.0000,0,50.5600,1.3433,62.1000,0,0.0000,27.3800,0.0000,28,6.8400,23.2460,30.3200,-36.0000,1.0000,18.9222
p210_dl_r20_prague_marc_rep10,dl_r20_prague_marc,10,rt,downlink,prague,ninguno,0,ninguno,-20,17.0000,17.0000,76,19.1740,19.1800,23.7200,13.9780,26.0030,2.6549,7622,0,52.7994,106.7840,5.6572,10.7752,27.6268,5.9712,17.0900,111628,0,0,61884,5374,8.6840,0.0000,10000,11.7877,11.2500,16.3500,0.0000,20.6708,20.8000,28.8000,0.0000,20.8944,21.1000,28.5000,0.0000,0.0000,0,0.0000,0,50.1800,2.2016,29.9000,0,0.0000,26.5600,0.0000,28,7.4200,23.1240,39.6720,-36.0000,1.0000,19.1740
p211_dl_r08_prague_marc_rep02,dl_r08_prague_marc,2,rt,downlink,prague,ninguno,0,ninguno,-8,11.0000,11.0000,76,21.7720,20.4425,30.0083,14.7170,36.0080,4.6649,7769,0,38.6075,91.9200,6.3638,12.8760,20.6691,6.2275,26.9280,87692,0,0,40130,5424,13.5161,0.0000,10000,12.1103,12.7000,16.0000,0.0000,22.1932,22.3000,32.9000,0.0000,21.9497,21.8000,34.0000,0.0000,5.4900,0,0.0000,0,50.6400,1.0366,4.7000,0,0.0902,20.8000,0.0000,28,6.8600,23.0360,16.2980,-35.2200,1.0000,21.7720
p212_dl_r08_cubic_rep07,dl_r08_cubic,7,rt,downlink,cubic,ninguno,0,ninguno,-8,11.3000,11.3000,80,1775.2143,1898.4250,2241.9310,679.3430,2637.0100,379.0897,0,2439,2388.0660,4050.0880,1613.8922,2286.1600,22.6697,1768.4412,2645.7840,93461,0,0,442,0,0.0000,0.0000,0,11.6417,11.6500,16.1300,0.0000,1724.3416,1898.5000,2320.2000,0.0000,1714.1219,1876.0000,2322.1000,0.0000,5.5438,0,0.0000,0,49.7308,0.9721,5.3000,0,0.0861,20.9808,0.0000,28,7.2115,22.7654,16.2346,-35.2308,1.0000,1775.2226
p213_dl_r10_prague_marc_rep03,dl_r10_prague_marc,3,rt,downlink,prague,ninguno,0,ninguno,-10,13.4000,13.4000,77,20.7838,19.9340,30.7360,13.1110,43.2660,5.0288,7913,0,44.1549,123.5040,6.3062,14.2572,23.5745,6.2735,37.7240,95181,0,0,48521,5533,11.4033,0.0000,10000,11.8820,11.6500,16.7550,0.0000,22.3053,21.3000,40.2000,0.0000,22.4729,21.5000,42.4000,0.0000,5.1315,0,0.0000,0,50.3333,1.1993,5.1000,0,0.0956,23.4510,0.0000,28,7.1961,23.0118,20.1294,-35.5098,1.0000,20.7839
p214_dl_r02_prague_marc_rep10,dl_r02_prague_marc,10,rt,downlink,prague,ninguno,0,ninguno,-2,2.2600,2.2600,77,28.4494,27.6410,37.0212,19.1230,51.1580,5.5283,4827,0,11.8973,34.7680,11.0465,24.7413,6.8291,9.3513,37.5530,55881,3,0,8399,3493,41.5883,0.0054,10000,11.9387,11.8000,16.2400,0.0000,28.7592,27.9000,44.6000,0.0000,29.3530,28.7000,46.1000,0.0000,5.7588,0,0.0000,0,48.5294,0.6257,4.2000,0,0.0962,5.4118,0.0000,28,6.1569,22.4922,4.1020,-34.0392,1.0000,28.4493
p215_dl_r20_prague_marc_rep07,dl_r20_prague_marc,7,rt,downlink,prague,ninguno,0,ninguno,-20,17.1000,17.0000,76,18.4996,18.5715,22.2675,14.5690,25.3750,2.1605,7558,0,49.9069,102.3600,5.8907,11.4610,24.8070,5.9449,16.5080,111828,0,0,61994,5210,8.4040,0.0000,10000,12.8750,12.7000,16.9000,0.0000,19.9156,19.7000,28.6000,0.0000,19.9954,20.2000,28.1000,0.0000,0.0000,0,0.0000,0,50.2400,1.1150,5.5000,0,0.0000,26.6200,0.0000,28,7.8600,23.2640,39.3660,-36.0000,1.0000,18.4996
p216_dl_r08_prague_sin_rep06,dl_r08_prague_sin,6,rt,downlink,prague,ninguno,0,ninguno,-8,11.2000,11.2000,79,1629.0882,1629.4300,1782.9710,1461.4800,1819.9100,93.8375,0,0,2163.9942,2683.0320,1454.7262,1728.0112,23.6941,1593.7366,1846.7650,92090,0,0,42040,0,0.0000,0.0000,0,12.7940,12.9000,17.3400,0.0000,1535.1902,1610.0000,1739.3000,0.0000,1537.8469,1601.5000,1749.1500,0.0000,5.5786,0,0.0000,0,50.2500,1.3878,7.4000,0,0.0947,20.7692,0.0000,28,7.5192,23.1077,16.2135,-35.3269,1.0000,1629.0831
p217_dl_r02_prague_sin_rep08,dl_r02_prague_sin,8,rt,downlink,prague,ninguno,0,ninguno,-2,2.3300,2.3300,82,4665.9546,4492.3450,9105.4315,1327.5500,9185.1300,2384.6795,0,2,995.3671,2592.9920,3909.3528,8968.2350,7.7580,4232.3724,9300.3450,74187,2,0,11188,0,0.0000,0.0027,0,12.2110,11.9500,16.9000,0.0000,4633.4932,4486.0000,8984.0000,0.0000,4639.5753,4484.0000,8975.0000,0.0000,5.7353,0,0.0000,0,48.4667,1.3668,36.1000,0,0.1031,5.2667,0.0000,28,5.6667,22.5750,4.1200,-34.0000,1.0000,4665.9656
p218_dl_r04_cubic_rep06,dl_r04_cubic,6,rt,downlink,cubic,ninguno,0,ninguno,-4,4.7000,4.7000,80,4434.1778,4804.6500,6560.7370,861.8160,7044.4600,1436.5185,0,1690,2448.6491,4106.6880,4076.9531,6494.4320,12.8889,4444.5692,7034.2880,73117,0,0,455,0,0.0000,0.0000,0,12.0900,11.6000,16.7550,0.0000,4415.6101,4802.5000,6547.4000,0.0000,4418.7572,4810.0000,6527.4000,0.0000,6.1006,0,0.0000,0,48.5000,1.6928,92.8000,0,0.0976,11,0.0000,28,5.8333,22.4796,8.2245,-35.0000,1.0000,4434.1484
p219_dl_r10_prague_sin_rep09,dl_r10_prague_sin,9,rt,downlink,prague,ninguno,0,ninguno,-10,13.8000,13.8000,79,1181.0204,1183.2100,1253.5410,1028.9400,1260.8300,52.3614,0,0,1969.9686,2413.0240,1064.3919,1242.3193,26.7338,1168.3695,1316.9210,101184,0,0,51407,0,0.0000,0.0000,0,13.1690,13.7500,17.4400,0.0000,1136.4113,1184.5000,1257.0000,0.0000,1139.3269,1184.5000,1259.0000,0.0000,5.2194,0,0.0000,0,50.5192,0.9593,6.1000,0,0.0952,23.0577,0.0000,28,7.5385,22.9269,20.2058,-35.6923,1.0000,1181.0093
p220_dl_r20_prague_marc_rep06,dl_r20_prague_marc,6,rt,downlink,prague,ninguno,0,ninguno,-20,17.1000,17.1000,76,19.1781,19.1175,24.0115,14.3580,25.6300,2.5524,7514,0,53.8842,106.9600,5.6775,10.4666,28.7458,6.0307,17.1790,111837,0,0,61948,5330,8.6040,0.0000,10000,11.5360,10.8000,16.3950,0.0000,19.9081,19.8000,27.8000,0.0000,20.5298,20.6000,28.9000,0.0000,0.0000,0,0.0000,0,50.7451,1.1614,4.2000,0,0.0000,27,0.0000,28,7.2941,23.0961,39.1980,-36.0000,1.0000,19.1780
p221_dl_r06_prague_marc_rep06,dl_r06_prague_marc,6,rt,downlink,prague,ninguno,0,ninguno,-6,7.5500,7.5500,76,23.4974,23.4555,32.1453,14.9230,33.6430,4.5436,6973,0,31.0908,75.3760,6.7262,13.4159,17.1838,6.5735,23.7570,74158,0,0,27527,4899,17.7971,0.0000,10000,13.2620,13.4000,17.0750,0.0000,23.7798,23.8000,35.7000,0.0000,24.2271,24.1000,36.6000,0.0000,7.4432,0,0.0000,0,49.6800,1.1864,4.5000,0,0.0897,16.3200,0.0000,28,6.3800,22.9120,12.3120,-35.0800,1.0000,23.4975
p222_ul_prague_rep01,ul_prague,1,rt,uplink,prague,ninguno,0,ninguno,-50,7.2600,7.2600,81,2717.4920,2719.0800,2850.2900,2539.3600,2876.9500,87.5487,0,0,0.4557,5.3360,0.3794,1.8590,6.0819,0.8368,2.9410,21688,0,0,20325,0,0.0000,0.0000,0,14.1103,14.4500,18.3650,0.0000,2577.7943,2716.0000,2857.5000,0.0000,2576.7271,2712.0000,2862.0000,0.0000,0.0000,0,0.0000,0,54.4615,1.3857,27.0000,0,0.0000,27.0385,0.0000,28,22.5385,23.4731,46.7385,-36.0000,1.0000,2717.4920
p223_dl_r50_cubic_rep03,dl_r50_cubic,3,rt,downlink,cubic,ninguno,0,ninguno,-50,17.4000,17.4000,79,906.9639,881.8070,1145.6830,458.0260,1341.1900,164.7090,0,2084,1910.9362,3191.0480,818.9438,1232.6872,26.4861,899.3137,1369.3140,117397,0,0,435,0,0.0000,0.0000,0,12.4320,11.8000,16.8650,0.0000,872.8330,880.0000,1235.6000,0.0000,874.2022,882.0000,1247.3000,0.0000,0.0000,0,0.0000,0,50.1923,0.7966,12.9000,0,0.0000,26.6538,0.0000,28,7.8462,22.7346,46.8654,-36.0000,1.0000,906.9681
p224_dl_r08_prague_sin_rep09,dl_r08_prague_sin,9,rt,downlink,prague,ninguno,0,ninguno,-8,11.2000,11.2000,79,1615.6023,1616.7800,1736.6720,1425.3700,1779.7300,76.2550,0,0,2156.0215,2670.9120,1440.9108,1703.7602,23.2112,1579.1267,1827.1960,92402,0,0,42311,0,0.0000,0.0000,0,13.5277,13.5500,17.7000,0.0000,1527.6411,1593.5000,1719.4500,0.0000,1529.4662,1593.0000,1719.0000,0.0000,5.5510,0,0.0000,0,50.0392,1.5508,5.3000,0,0.0914,21.0196,0.0000,28,7.0392,23.1255,16.1745,-35.2549,1.0000,1615.5934
p225_ul_prague_rep02,ul_prague,2,rt,uplink,prague,ninguno,0,ninguno,-50,7.2600,7.2600,81,2621.8328,2620.8800,2684.9800,2514.4800,2699.4000,42.5812,0,0,0.6606,4.7200,0.0005,0.0000,9.6194,0.7297,5.3930,29041,0,0,27673,0,0.0000,0.0000,0,14.2570,14.4500,18.3550,0.0000,2551.3118,2613.0000,2685.6000,0.0000,2552.6325,2611.0000,2686.6000,0.0000,0.0000,0,0.0000,0,54.7308,1.5371,44.6000,0,0.0000,27.1346,0.0000,28,23.2692,23.6000,46.7962,-36.0000,1.0000,2621.8615
p226_dl_r50_cubic_rep07,dl_r50_cubic,7,rt,downlink,cubic,ninguno,0,ninguno,-50,17.4000,17.4000,79,977.1704,993.1010,1311.5160,515.4800,1361.0100,195.6984,0,1311,1998.9822,3270.0400,854.8865,1232.1821,28.9891,959.2063,1384.2600,117397,0,0,434,0,0.0000,0.0000,0,11.6210,11.1500,16.6550,0.0000,929.1648,995.0000,1237.8000,0.1613,927.6481,994.0000,1252.3500,0.0000,0.0000,0,0.0000,0,49.9423,1.4764,5.9000,0,0.0000,26.9038,0.0000,28,7.1538,22.8135,46.7731,-36.0000,1.0000,977.1681
p227_dl_r50_cubic_rep06,dl_r50_cubic,6,rt,downlink,cubic,ninguno,0,ninguno,-50,17.4000,17.4000,78,912.7736,931.6790,1104.3640,455.0990,1180.7500,139.1234,0,1313,1945.3627,3197.8480,832.2266,1167.7250,29.6236,914.1342,1347.6050,117025,0,0,435,0,0.0000,0.0000,0,12.9983,12.6000,17.6650,0.0000,889.1615,902.0000,1183.9000,0.0000,888.5490,903.0000,1191.9000,0.0000,0.0000,0,0.0000,0,50.1176,0.9892,4.3000,0,0.0000,27,0.0000,28,7.0784,22.8431,46.8647,-36.0000,1.0000,912.7672
p228_ul_cubic_rep06,ul_cubic,6,rt,uplink,cubic,ninguno,0,ninguno,-50,7.3200,7.3200,81,3789.1286,3772.3300,4268.4800,2752.9700,4290.1100,338.5134,0,0,0.2960,7.5280,0.1691,1.5589,4.9496,0.7309,2.7530,15707,0,0,449,0,0.0000,0.0000,0,13.9667,13.6500,18.2750,0.0000,3646.3566,3772.0000,4289.0000,0.0000,3640.4687,3763.0000,4289.0000,0.0000,0.0000,0,0.0000,0,54.6038,0.6042,5.1000,0,0.0000,27,0.0000,28,22.9245,23.6321,46.8208,-36.0000,1.0000,3789.1316
p229_dl_r15_prague_marc_rep02,dl_r15_prague_marc,2,rt,downlink,prague,ninguno,0,ninguno,-15,17.1000,17.1000,76,18.6824,18.4945,23.5205,12.6600,25.2910,2.8940,7703,0,52.2526,105.2800,5.8015,11.4771,26.2708,6.0828,16.2610,112266,0,0,62179,5432,8.7361,0.0000,10000,12.4467,12.2500,16.7550,0.0000,20.1215,20.2000,28.7000,0.0000,20.0735,20.3000,28.7000,0.0000,0.0000,0,0.0000,0,50.7600,1.0278,4.2000,0,0.0000,26.9000,0.0000,28,6.6800,22.9460,30.2020,-36.0000,1.0000,18.6823
p230_dl_r50_prague_marc_rep07,dl_r50_prague_marc,7,rt,downlink,prague,ninguno,0,ninguno,-50,17.0000,17.0000,76,18.7149,18.8875,23.2930,13.7660,25.9060,2.5751,7528,0,48.3311,106.8720,5.1177,10.7858,24.7847,5.9794,16.2140,111584,0,0,61857,5265,8.5116,0.0000,10000,12.0283,11.2500,16.7550,0.0000,20.1490,20.4000,28.3000,0.0000,20.5760,20.7000,28.8000,0.0000,0.0000,0,0.0000,0,51.4314,0.9678,4.8000,0,0.0000,26.3922,0.0000,28,7.2157,23.2196,46.7706,-36.0000,1.0000,18.7148
p231_dl_r06_cubic_rep02,dl_r06_cubic,2,rt,downlink,cubic,ninguno,0,ninguno,-6,7.7000,7.6900,81,2072.7560,1843.3100,3531.3300,761.8700,3597.7100,622.8147,0,1663,1875.6155,3930.6480,1885.0619,3265.3767,18.3625,2062.8739,3799.1510,81046,1,0,447,0,0.0000,0.0012,0,12.4357,11.8000,17.1300,0.0000,2039.8946,1864.5000,3300.7500,0.0000,2045.4337,1860.0000,3326.6000,0.0000,7.4246,0,0.0000,0,49.0962,0.9821,4.7000,0,0.0915,16.8462,0.0000,28,7,22.4385,12.1231,-35.1154,1.0000,2072.7318
p232_dl_r20_prague_marc_rep09,dl_r20_prague_marc,9,rt,downlink,prague,ninguno,0,ninguno,-20,17.0000,17.0000,77,18.7947,18.7020,24.0722,12.8680,25.5830,2.8805,7598,0,49.4830,102.3600,5.9302,11.5904,24.4387,5.9872,16.1460,111925,0,0,62042,5277,8.5055,0.0000,10000,12.7963,12.8500,17.6800,0.0000,19.6720,19.8000,28.0000,0.0000,19.8169,19.9000,28.0000,0.0000,0.0000,0,0.0000,0,50.1961,0.8993,5.6000,0,0.0000,27.0196,0.0000,28,7.9216,23.2216,39.5529,-36.0000,1.0000,18.7946
p233_dl_r04_prague_marc_rep06,dl_r04_prague_marc,6,rt,downlink,prague,ninguno,0,ninguno,-4,4.8500,4.8500,77,24.9977,25.1170,31.9180,18.0510,34.2950,3.6482,6448,0,22.2915,51.3120,7.8766,15.4408,12.5977,7.3586,24.6840,65712,0,0,17970,4581,25.4925,0.0000,10000,13.5403,13.7000,17.7650,0.0000,25.6172,25.7000,37.8000,0.0000,25.3667,25.6000,37.7000,0.0000,6.0999,0,0.0000,0,49.5882,1.1271,4.8000,0,0.0913,10.9412,0.0000,28,7.5490,22.6176,8.5460,-34.9800,1.0000,24.9976
p234_dl_r04_cubic_rep05,dl_r04_cubic,5,rt,downlink,cubic,ninguno,0,ninguno,-4,4.8100,4.8100,80,3296.7674,3024.0800,5884.0345,373.6700,6006.3300,1703.1881,0,2052,1953.7752,4010.2560,3037.8591,5799.7940,13.0621,3322.6954,6229.6860,73611,0,0,430,0,0.0000,0.0000,0,12.5307,12.2000,17.1300,0.0000,3399.1495,3228.0000,5856.6000,0.0000,3400.6963,3235.5000,5854.6500,0.0000,5.9847,0,0.0000,0,48.7778,0.8550,8.0000,0,0.0947,11.1667,0.0000,28,6.2963,22.5537,8.3056,-34.9815,1.0000,3296.7674
p235_ul_prague_rep10,ul_prague,10,rt,uplink,prague,ninguno,0,ninguno,-50,7.2600,7.1500,82,2722.3871,2724.5100,2859.1650,2541.4600,2883.3400,93.3892,0,0,0.5054,4.5920,0.0011,0.0000,7.3351,0.7510,3.2110,22293,0,0,452,0,0.0000,0.0000,0,13.5327,12.9000,18.2500,0.0000,2610.9762,2717.5000,2854.4500,0.0000,2610.7898,2719.5000,2868.0000,0.0000,0.0000,0,0.0000,0,54.3519,0.7121,25.7000,0,0.0000,26.5926,0.0000,28,22.2407,23.5907,46.9111,-36.0000,1.0000,2722.3594
p236_dl_r10_prague_marc_rep05,dl_r10_prague_marc,5,rt,downlink,prague,ninguno,0,ninguno,-10,13.5000,13.5000,76,21.0558,20.3740,30.8443,12.9130,44.0040,5.3270,7842,0,46.1350,117.4880,6.1382,13.1870,24.9125,6.1887,35.9650,95350,0,0,48988,5587,11.4048,0.0000,10000,12.4750,12.4500,16.8550,0.0000,22.5508,21.6000,39.5000,0.0000,22.2441,21.2000,39.7000,0.0000,5.3245,0,0.0000,0,50.2200,1.0775,5.0000,0,0.0975,23.6200,0.0000,28,7.3800,23.1240,20.6500,-35.4400,1.0000,21.0558
p237_dl_r06_prague_marc_rep09,dl_r06_prague_marc,9,rt,downlink,prague,ninguno,0,ninguno,-6,7.5600,7.5600,76,23.3711,22.4175,33.3735,16.8860,34.5280,4.7418,7014,0,31.8651,73.8720,6.7943,13.6263,17.7910,6.6582,27.4150,74095,0,0,27505,4952,18.0040,0.0000,10000,12.8250,12.8000,16.9550,0.0000,24.4519,24.9000,35.8000,0.0000,24.4723,24.4000,35.9000,0.0000,7.4835,0,0.0000,0,50.3922,1.5091,37.2000,0,0.0948,16.5098,0.0000,28,7.2745,23.0373,12.3216,-35.0392,1.0000,23.3708
p238_dl_r50_cubic_rep01,dl_r50_cubic,1,rt,downlink,cubic,ninguno,0,ninguno,-50,17.4000,17.4000,79,968.8831,949.5840,1282.1080,556.4380,1306.3300,141.7393,0,1005,1972.5650,3284.2960,844.9477,1193.1600,26.4855,947.8148,1396.8290,117321,0,0,434,0,0.0000,0.0000,0,13.0257,12.8500,17.2050,0.0000,920.8879,948.5000,1212.0500,0.1613,922.8610,952.0000,1228.3500,0.1613,0.0000,0,0.0000,0,49.9423,1.1125,4.6000,0,0.0000,27.0962,0.0000,28,7.3846,22.7115,46.7154,-36.0000,1.0000,968.8710
p239_dl_r04_prague_sin_rep07,dl_r04_prague_sin,7,rt,downlink,prague,ninguno,0,ninguno,-4,4.7500,4.7500,81,4183.6385,4183.0200,4437.3300,3865.3700,4748.5400,175.1168,0,0,2322.5339,2753.6960,3822.2706,4474.2659,12.8367,4165.6981,4741.9760,72395,0,0,19200,0,0.0000,0.0000,0,12.7763,12.7000,17.2400,0.0000,4084.9095,4173.5000,4478.8500,0.0000,4083.4116,4172.0000,4481.0000,0.0000,6.0412,0,0.0000,0,48.8868,0.9157,6.8000,0,0.0896,11.3396,0.0000,28,6.7170,22.4679,8.4170,-34.9811,1.0000,4183.6222
p240_dl_r04_prague_sin_rep06,dl_r04_prague_sin,6,rt,downlink,prague,ninguno,0,ninguno,-4,4.7700,4.7700,83,4217.4405,4237.7600,4472.9520,3785.5400,4493.3600,192.4779,0,0,2330.9285,2872.2480,3848.9623,4511.1557,12.7403,4196.5259,4810.5240,72321,0,0,19178,0,0.0000,0.0000,0,13.3503,13.5500,17.6100,0.0000,4095.8409,4204.0000,4522.2000,0.0000,4102.3763,4210.0000,4524.8000,0.0000,5.9718,0,0.0000,0,49.0185,1.1243,4.2000,0,0.0889,11.1111,0.0000,28,6.7037,22.5741,8.1093,-34.9815,1.0000,4217.4240
p241_dl_r06_cubic_rep06,dl_r06_cubic,6,rt,downlink,cubic,ninguno,0,ninguno,-6,7.7300,7.7200,79,2876.0693,3023.6800,3541.2160,865.5410,3693.5700,619.4054,0,1684,2557.1113,3855.5360,2551.7428,3446.3882,19.0389,2797.3300,3728.1550,78151,0,0,446,0,0.0000,0.0000,0,12.0903,11.7000,16.1650,0.0000,2647.6090,2960.0000,3481.0000,0.0000,2636.9573,2948.0000,3474.6000,0.0000,7.4359,0,0.0000,0,48.8462,1.0958,4.3000,0,0.0906,16.5962,0.0000,28,6.2500,22.4750,12.1019,-35.0769,1.0000,2876.0895
p242_dl_r10_prague_marc_rep01,dl_r10_prague_marc,1,rt,downlink,prague,ninguno,0,ninguno,-10,13.5000,13.5000,76,21.4572,19.7385,38.7265,13.3850,45.5920,6.7657,7875,0,46.1607,108.3760,6.1548,13.8190,25.0813,6.2112,35.0270,94796,0,0,48478,5499,11.3433,0.0000,10000,12.3103,11.7000,17.1300,0.0000,21.9063,20.8000,38.6000,0.0000,22.3187,21.5000,38.8000,0.0000,5.2883,0,0.0000,0,49.7647,1.2121,5.1000,0,0.1011,24,0.0000,28,7.9608,22.9020,20.1941,-35.5882,1.0000,21.4572
p243_dl_r10_cubic_rep10,dl_r10_cubic,10,rt,downlink,cubic,ninguno,0,ninguno,-10,13.9000,13.9000,80,1153.9531,1059.8800,1810.6960,531.4520,1864.3900,308.0056,0,1675,1869.7029,3483.8800,1024.4984,1669.3143,27.3011,1122.9898,1889.4680,102166,0,0,439,0,0.0000,0.0000,0,12.5583,12.6500,16.5750,0.0000,1100.4369,1060.5000,1690.4500,0.0000,1101.1591,1061.0000,1678.4000,0.0000,5.2250,0,0.0000,0,50.0962,0.9385,3.9000,0,0.1004,23.7500,0.0000,28,8.1538,22.5615,20.1615,-35.5962,1.0000,1153.9414
p244_dl_r02_cubic_rep04,dl_r02_cubic,4,rt,downlink,cubic,ninguno,0,ninguno,-2,2.3300,2.3300,81,8752.3940,9358.7400,13140.6000,2526.7800,13616.1000,3259.0742,0,4,2468.1120,4114.4960,8174.3894,13181.3695,7.4255,8894.6244,13654.9280,65329,3,0,446,0,0.0000,0.0046,0,12.2523,12.2500,16.7550,0.0000,8991.6629,10047.0000,13234.6000,0.0000,8998.0764,10045.0000,13228.6000,0.0000,5.6667,0,0.0000,0,48.2037,1.1700,43.6000,0,0.0945,5.2778,0.0000,28,5.4815,22.4556,4.0981,-34.1111,1.0000,8752.3598
p245_dl_r02_prague_sin_rep09,dl_r02_prague_sin,9,rt,downlink,prague,ninguno,0,ninguno,-2,3.0200,3.0200,82,6474.3806,6051.6250,8944.8000,5813.8100,9197.6900,984.6334,0,1,2291.4209,2848.6960,5863.0332,8865.9108,10.5341,6316.5894,9240.7140,64312,5,0,13227,0,0.0000,0.0078,0,12.6633,12.5000,17.7000,0.0000,6109.0527,6054.0000,8844.8500,0.0000,6119.0273,6053.5000,8875.9000,0.0000,8.3241,0,0.0000,0,48.1481,0.8978,5.4000,0,0.1037,6.8148,0.0000,28,5.2963,22.5463,4.2167,-34.0185,1.0000,6474.3756
p246_dl_r50_cubic_rep08,dl_r50_cubic,8,rt,downlink,cubic,ninguno,0,ninguno,-50,17.5000,17.4000,78,907.6437,914.7665,1069.6585,356.0010,1113.7700,137.6672,0,1255,1897.6697,3152.0320,812.7956,1164.1869,26.0030,912.3353,1364.1850,116737,0,0,436,0,0.0000,0.0000,0,12.4537,12.8000,16.6550,0.0000,889.2083,900.0000,1194.7000,0.1613,882.9629,899.5000,1181.2500,0.0000,0.0000,0,0.0000,0,49.8627,0.7543,3.8000,0,0.0000,26.7843,0.0000,28,7.2353,22.8882,46.8059,-36.0000,1.0000,907.6444
p247_dl_r08_cubic_rep05,dl_r08_cubic,5,rt,downlink,cubic,ninguno,0,ninguno,-8,11.2000,11.2000,79,1604.4335,1522.0100,2147.7640,468.9510,2655.3200,437.1732,0,1948,2086.0184,4066.8640,1429.9575,2279.1696,23.0239,1567.4969,2724.8340,91748,0,0,443,0,0.0000,0.0000,0,12.9077,12.7000,16.7550,0.0000,1512.5083,1501.0000,2306.0000,0.0000,1506.2599,1503.0000,2284.0000,0.0000,5.4759,0,0.0000,0,50,1.3516,6.2000,0,0.0893,20.7692,0.0000,28,7.7500,22.6346,16.0712,-35.1731,1.0000,1604.4322
p248_dl_r50_prague_marc_rep05,dl_r50_prague_marc,5,rt,downlink,prague,ninguno,0,ninguno,-50,17.0000,17.0000,76,18.9593,18.4635,23.9590,13.6940,24.7400,2.8615,7431,0,52.9944,105.3680,5.6106,10.7943,27.8589,5.9320,15.7170,111864,0,0,61990,5257,8.4804,0.0000,10000,12.5973,12.3500,17.9600,0.0000,20.0246,20.2000,28.4000,0.0000,20.2854,20.3000,28.9000,0.0000,0.0000,0,0.0000,0,50.6667,1.0650,3.9000,0,0.0000,26.7059,0.0000,28,7.7059,23.0667,46.7353,-36.0000,1.0000,18.9594
p249_dl_r20_prague_marc_rep04,dl_r20_prague_marc,4,rt,downlink,prague,ninguno,0,ninguno,-20,17.0000,17.0000,76,18.3489,18.1415,22.8327,12.7400,25.0170,2.5517,7534,0,52.9025,105.4560,5.6245,10.8375,27.8084,5.9661,16.4200,111953,0,0,62036,5311,8.5612,0.0000,10000,12.1530,11.7500,16.7000,0.0000,19.9389,20.4000,28.5000,0.0000,19.8184,19.8000,28.9000,0.0000,0.0000,0,0.0000,0,50.3137,0.9358,5.3000,0,0.0000,26.9216,0.0000,28,6.9412,23.1608,39.5824,-36.0000,1.0000,18.3488
p250_dl_r04_prague_marc_rep02,dl_r04_prague_marc,2,rt,downlink,prague,ninguno,0,ninguno,-4,4.6300,4.6300,77,24.3790,24.0480,31.8560,16.1810,40.5470,4.2181,6335,0,21.2836,51.3120,8.1108,16.0252,11.9012,7.4545,26.4160,64793,0,0,17158,4515,26.3143,0.0000,10000,11.9520,11.4500,16.2950,0.0000,25.8991,25.9000,39.0000,0.0000,25.4709,25.7000,38.7000,0.0000,6.1382,0,0.0000,0,49.6800,1.5908,45.5000,0,0.0920,11.1400,0.0000,28,6.8600,22.6400,8.0600,-34.9800,1.0000,24.3790
p251_dl_r10_cubic_rep08,dl_r10_cubic,8,rt,downlink,cubic,ninguno,0,ninguno,-10,13.9000,13.9000,80,1096.4030,1051.4150,1591.6685,412.8510,1700.9300,261.8597,0,1910,1857.9438,3489.7200,1008.1798,1656.6306,27.2821,1108.1469,1873.2870,102706,0,0,439,0,0.0000,0.0000,0,11.9480,11.6500,16.2950,0.0000,1088.4939,1061.0000,1688.5000,0.0000,1090.8361,1060.0000,1687.0000,0.0000,5.2253,0,0.0000,0,49.7308,1.4307,7.3000,0,0.0975,24.1923,0.0000,28,7.7500,22.6115,20.3863,-35.5490,1.0000,1096.3918
p252_dl_r06_prague_sin_rep07,dl_r06_prague_sin,7,rt,downlink,prague,ninguno,0,ninguno,-6,7.6600,7.6500,80,1515.0794,1516.1550,1548.1360,1465.6100,1557.4100,23.0272,0,2,1400.4462,1610.5040,1367.7511,1535.3323,18.1608,1497.9075,1546.5110,80214,0,0,29649,0,0.0000,0.0000,0,12.4937,12.3500,16.6100,0.0000,1489.7870,1519.0000,1550.1500,0.0000,1492.1667,1517.0000,1552.0000,0.0000,7.4018,0,0.0000,0,49.7358,1.0314,8.2000,0,0.0904,16.5472,0.0000,28,7.5283,22.9038,12.0340,-35.0755,1.0000,1515.0788
p253_dl_r08_cubic_rep01,dl_r08_cubic,1,rt,downlink,cubic,ninguno,0,ninguno,-8,11.2000,11.2000,80,1374.9426,1213.5450,2085.8895,769.0210,2563.5100,418.1009,0,1302,1826.9659,3872.7920,1239.5970,2125.1386,23.0424,1361.1797,2563.9730,93248,0,0,442,0,0.0000,0.0000,0,12.4073,12.6000,16.8100,0.0000,1335.3728,1225.0000,2167.0000,0.0000,1329.2679,1225.0000,2155.0000,0.0000,5.5413,0,0.0000,0,49.8113,1.0933,7.9000,0,0.0868,20.5283,0.0000,28,8.8302,22.4906,16.3774,-35.2264,1.0000,1374.9421
p254_dl_r10_prague_marc_rep06,dl_r10_prague_marc,6,rt,downlink,prague,ninguno,0,ninguno,-10,13.5000,13.5000,76,21.2898,20.0100,37.5905,13.6560,42.8190,5.9470,7844,0,44.2205,106.9600,6.1368,13.2715,23.7052,6.1630,37.1790,95170,0,0,48639,5520,11.3489,0.0000,10000,11.9203,11.3000,16.7550,0.0000,22.6984,22.0000,40.0000,0.0000,22.5803,21.3000,39.8000,0.0000,5.2874,0,0.0000,0,49.8400,1.4916,18.7000,0,0.0981,23.5400,0.0000,28,7.8600,23.0660,20.1760,-35.6200,1.0000,21.2895
p255_dl_r04_prague_sin_rep05,dl_r04_prague_sin,5,rt,downlink,prague,ninguno,0,ninguno,-4,4.7700,4.7700,81,4212.5586,4213.0000,4552.1000,3703.7400,4603.1200,200.0322,0,0,2326.8783,2759.5360,3819.5611,4552.7645,12.7177,4166.2967,4775.9860,71066,0,0,18881,0,0.0000,0.0000,0,12.8447,12.9500,17.2400,0.0000,4030.4190,4170.0000,4560.7000,0.0000,4036.5940,4156.0000,4552.5000,0.0000,5.9854,0,0.0000,0,49.2075,1.0542,4.3000,0,0.0904,11.3962,0.0000,28,6.8868,22.5811,8.4264,-34.9811,1.0000,4212.5570
p256_ul_prague_rep04,ul_prague,4,rt,uplink,prague,ninguno,0,ninguno,-50,7.2600,7.2600,80,2663.0689,2666.3750,2755.9665,2518.2300,2776.9400,63.9695,0,0,0.5682,5.1800,0.0135,0.0000,8.2444,0.7656,3.0260,24995,0,0,23635,0,0.0000,0.0000,0,13.8597,14.0500,18.2500,0.0000,2574.0315,2652.0000,2766.0000,0.0000,2576.5661,2653.0000,2768.0000,0.0000,0.0000,0,0.0000,0,54.4717,1.7121,61.3000,0,0.0000,26.8868,0.0000,28,22.5660,23.4887,46.7755,-36.0000,1.0000,2663.0710
p257_dl_r15_cubic_rep01,dl_r15_cubic,1,rt,downlink,cubic,ninguno,0,ninguno,-15,17.4000,17.4000,79,913.8846,885.6980,1183.3210,421.2710,1343.9600,164.3675,0,2018,1939.3721,3266.4240,829.9985,1237.2705,29.7965,911.3088,1386.8620,116974,0,0,435,0,0.0000,0.0000,0,12.5720,12.6500,17.3400,0.0000,885.1954,887.0000,1255.3000,0.0000,883.3039,887.0000,1249.3000,0.0000,0.0000,0,0.0000,0,50.1961,1.3191,6.9000,0,0.0000,27.2941,0.0000,28,7.0392,22.8471,30.2680,-36.0000,1.0000,913.8768
p258_dl_r08_prague_sin_rep01,dl_r08_prague_sin,1,rt,downlink,prague,ninguno,0,ninguno,-8,11.2000,11.2000,82,202.1512,201.1750,259.1241,111.7840,296.8910,37.5658,0,2,289.9485,438.1920,171.1981,246.1248,24.4729,186.2698,297.1920,94438,0,0,43186,0,0.0000,0.0000,0,12.3150,11.8000,16.8000,0.0000,202.9389,200.5000,266.0000,0.0000,203.4410,202.0000,265.9000,0.0000,5.5666,0,0.0000,0,50.7885,1.0950,5.5000,0,0.0935,21,0.0000,28,7.1154,23.0558,16.0654,-35.2115,1.0000,202.1505
p259_dl_r20_cubic_rep03,dl_r20_cubic,3,rt,downlink,cubic,ninguno,0,ninguno,-20,17.4000,17.4000,79,929.5172,919.6910,1201.7460,412.3300,1344.7500,150.8546,0,1241,1904.9937,3176.1840,815.5760,1166.2810,27.8282,914.9681,1355.9230,117382,0,0,434,0,0.0000,0.0000,0,11.5293,10.9500,16.3050,0.0000,892.7211,899.0000,1193.8000,0.0000,893.6333,906.0000,1188.7000,0.1613,0.0000,0,0.0000,0,50.1346,1.2292,4.6000,0,0.0000,26.9231,0.0000,28,7.3462,22.7827,39.5827,-36.0000,1.0000,929.5201
p260_dl_r15_cubic_rep09,dl_r15_cubic,9,rt,downlink,cubic,ninguno,0,ninguno,-15,17.4000,17.4000,78,921.4061,932.3375,1131.0730,486.4900,1244.5200,135.9753,0,1323,1949.6755,3158.7440,834.4365,1176.1380,29.6161,916.3919,1368.6720,117056,0,0,435,0,0.0000,0.0000,0,12.9300,13.2500,16.8550,0.0000,894.1781,903.0000,1197.1000,0.0000,887.2413,901.0000,1191.2000,0.0000,0.0000,0,0.0000,0,50.6078,1.0975,6.4000,0,0.0000,27.0196,0.0000,28,7.0588,22.7784,30.3039,-36.0000,1.0000,921.4108
